Workbook

Sheet 封面_公布版
B3: 113年民眾日常使用運具狀況調查
B7: —平常日市話及手機調查—
B8: 統計表
B9: 說明：
B10: 1.本調查以全國22縣市市內電話及行動電話用戶為調查範圍。
B11: (105年以前僅調查市內電話用戶；98年調查未含金馬地區)
B12: 2.本報告之計算不含500公尺以下短行程。
B13: 3. 統計表中關聯性分析採「卡方檢定」(Chi-squareTest)。
B14: 4. ＊表示p＜0.05，即在95%的信心水準下，基本問題與題目問項有顯著相關。
B15: ＊＊表示p＜0.01，即在99%的信心水準下，基本問題與題目問項有顯著相關。
B16: ＊＊＊表示p＜0.001，即在99.9%的信心水準下，基本問題與題目問項有顯著相關。
B17: 5. # 表示細格期望值小於5的比例超過20%，卡方檢定結果僅作參考。
... B25: 汽車客運：包含國道客運、一般公路客運、遊覽車、市區公車、免費公車、
C26: 復康巴士及交通車。
B27: 計程車：包含一般計程車及多元化計程車。
B28: 其他公共運輸：包含飛機及渡輪。
B29: 自行車：包含公共自行車及其他自行車。
B30: 微型電動二輪車：原「電動自行車」，109年(含)前計入「自行車」，
C31: 自111年起更名並單獨列計。
B32: 機車：包含機車及共享機車。
B33: 自用小客車：包含自用小客車及共享汽車。
B34: 其他私人機動運具：包含自用大客車、自用小貨車及自用大貨車。

Sheet 目錄頁
A2: 目 錄
A4: A.民眾外出旅次概況
A5: 附表1 民眾外出比率
A6: 附表2 外出民眾旅次目的占比
A7: 附表3 民眾旅次次數分配
A8: 附表4 外出民眾旅次地點關係
A9: B. 民眾通勤學概況與地點關係
A10: 附表5 目前通勤或通學概況
A11: 附表6 通勤地點與住家地點關係
A12: 附表7 通學地點與住家地點關係
A13: C.外出民眾運具次數市占率
A14: 附表8 外出民眾運具次數市占率─按運具類別分
... A31: 附表23 通勤學民眾平均每一旅次花費時間

Sheet A
B15: A.民眾外出旅次概況

Sheet A01
A1: 附表1 民眾外出比率
A2: 《平日市話及手機》
A3: 調查對象為15歲以上民眾，以人的角度做分析。
G4: 單位：人；%
A5: 項目別 | D5: 樣本數 | E5: 總計
F6: 有外出 | G6: 沒有外出
A9: 全體 | D9: 34236 | E9: 100 | F9: 76.100253 | G9: 23.899747
A10: 居住縣市 | C10: ***
B11: 新北市 | D11: 5980.4971 | E11: 100 | F11: 76.904462 | G11: 23.095538
B12: 臺北市 | D12: 3636.2279 | E12: 100 | F12: 78.197226 | G12: 21.802774
B13: 桃園市 | D13: 3357.9805 | E13: 100 | F13: 79.072232 | G13: 20.927768
B14: 臺中市 | D14: 4082.8676 | E14: 100 | F14: 75.549277 | G14: 24.450723
B15: 臺南市 | D15: 2740.2932 | E15: 100 | F15: 78.05054 | G15: 21.94946
B16: 高雄市 | D16: 4037.8335 | E16: 100 | F16: 77.393542 | G16: 22.606458
B17: 宜蘭縣 | D17: 662.92573 | E17: 100 | F17: 73.706997 | G17: 26.293003
B18: 新竹縣 | D18: 837.20174 | E18: 100 | F18: 77.895473 | G18: 22.104527
B19: 苗栗縣 | D19: 784.8158 | E19: 100 | F19: 73.5869 | G19: 26.4131
B20: 彰化縣 | D20: 1775.9603 | E20: 100 | F20: 73.663823 | G20: 26.336177
B21: 南投縣 | D21: 705.41405 | E21: 100 | F21: 72.156152 | G21: 27.843848
B22: 雲林縣 | D22: 978.05836 | E22: 100 | F22: 71.206565 | G22: 28.793435
... B32: 連江縣 | D32: 20.841446 | E32: 100 | F32: 53.478966 | G32: 46.521034
A33: 是否為直轄市 | C33: ***
B34: 直轄市 | D34: 23835.7 | E34: 100 | F34: 77.389553 | G34: 22.610447
B35: 非直轄市 | D35: 10400.3 | E35: 100 | F35: 73.1454 | G35: 26.8546
A36: 性別 | C36: ***
B37: 男 | D37: 16749.695 | E37: 100 | F37: 77.328841 | G37: 22.671159
B38: 女 | D38: 17486.305 | E38: 100 | F38: 74.92342 | G38: 25.07658
A39: 年齡 | C39: ***
B40: 15-未滿18歲 | D40: 990.8975 | E40: 100 | F40: 81.323575 | G40: 18.676425
B41: 18-未滿20歲 | D41: 687.19909 | E41: 100 | F41: 66.299063 | G41: 33.700937
B42: 20-未滿30歲 | D42: 4595.9785 | E42: 100 | F42: 79.474196 | G42: 20.525804
B43: 30-未滿40歲 | D43: 5316.029 | E43: 100 | F43: 85.382858 | G43: 14.617142
B44: 40-未滿50歲 | D44: 6474.5931 | E44: 100 | F44: 85.011116 | G44: 14.988884
B45: 50-未滿60歲 | D45: 5835.4026 | E45: 100 | F45: 81.088415 | G45: 18.911585
B46: 60-未滿65歲 | D46: 2922.4243 | E46: 100 | F46: 72.398859 | G46: 27.601141
B47: 65歲及以上 | D47: 7413.4759 | E47: 100 | F47: 57.313023 | G47: 42.686977
A49: 教育程度 | C49: ***
B50: 小學及以下 | D50: 3395.0961 | E50: 100 | F50: 46.390879 | G50: 53.609121
B51: 國(初)中 | D51: 3014.9642 | E51: 100 | F51: 64.546916 | G51: 35.453084
B52: 高中(職) | D52: 9553.0689 | E52: 100 | F52: 74.095367 | G52: 25.904633
B53: 專科 | D53: 3577.905 | E53: 100 | F53: 80.680743 | G53: 19.319257
B54: 大學 | D54: 11326.639 | E54: 100 | F54: 84.01148 | G54: 15.98852
B55: 研究所及以上 | D55: 3288.1951 | E55: 100 | F55: 91.951081 | G55: 8.0489185
B56: 不知道/無意見 | D56: 80.131938 | E56: 100 | F56: 35.356382 | G56: 64.643618
A57: 職業 | C57: ***
B58: 農林漁牧 | D58: 858.63852 | E58: 100 | F58: 75.687848 | G58: 24.312152
B59: 工業 | D59: 6378.5061 | E59: 100 | F59: 91.394445 | G59: 8.6055545
B60: 批發及零售業 | D60: 1425.9673 | E60: 100 | F60: 84.45886 | G60: 15.54114
B61: 住宿及餐飲業 | D61: 947.6489 | E61: 100 | F61: 80.778922 | G61: 19.221078
B62: 服務事業 | D62: 9521.6255 | E62: 100 | F62: 85.718442 | G62: 14.281558
B63: 軍公教 | D63: 1722.5891 | E63: 100 | F63: 87.968359 | G63: 12.031641
B64: 學生(部分工時就業) | D64: 83.971673 | E64: 100 | F64: 80.116894 | G64: 19.883106
B65: 料理家事 | D65: 3838.787 | E65: 100 | F65: 58.428407 | G65: 41.571593
B66: 退休人員 | D66: 5782.265 | E66: 100 | F66: 58.226487 | G66: 41.773513
B67: 學生 | D67: 1911.4784 | E67: 100 | F67: 78.287212 | G67: 21.712788
B68: 未就業者 | D68: 1692.5752 | E68: 100 | F68: 41.723614 | G68: 58.276386
B69: 不知道/無意見 | D69: 71.947398 | E69: 100 | F69: 66.082631 | G69: 33.917369
A72: 年度別 | C72: ***
B73: 98年度 | D73: 24971 | E73: 100 | F73: 74.811467 | G73: 25.188533
B74: 99年度 | D74: 38733 | E74: 100 | F74: 78.036081 | G74: 21.963919
B75: 100年度 | D75: 39900 | E75: 100 | F75: 74.868881 | G75: 25.131119
B76: 101年度 | D76: 39907 | E76: 100 | F76: 76.258599 | G76: 23.741401
B77: 102年度 | D77: 38268 | E77: 100 | F77: 76.819332 | G77: 23.180668
B78: 103年度 | D78: 38273 | E78: 100 | F78: 77.459718 | G78: 22.540282
B79: 104年度 | D79: 39101 | E79: 100 | F79: 75.719707 | G79: 24.280293
B80: 105年度 | D80: 40246 | E80: 100 | F80: 75.885926 | G80: 24.114074
B81: 109年度 | D81: 37337 | E81: 100 | F81: 76.215926 | G81: 23.784074
B82: 111年度 | D82: 37792 | E82: 100 | F82: 73.357275 | G82: 26.642725
B83: 113年度 | D83: =D$9 -> 34236 | E83: =E$9 -> 100 | F83: =F$9 -> 76.100253 | G83: =G$9 -> 23.899747

Sheet A02
A1: 附表2 外出民眾旅次目的占比
A2: 《平日市話及手機》
A3: 調查對象為昨天有外出的民眾，以旅次的角度做分析。
K4: 單位：旅次；%
A5: 項目別 | D5: 樣本數 | E5: 總計
F6: 通勤 | G6: 通學 | H6: 公(商)務 | I6: 購物 | J6: 家庭及 個人活動 | K6: 休閒
A9: 全體 | D9: 64959.853 | E9: 100 | F9: 44.892083 | G9: 4.5408001 | H9: 4.7431811 | I9: 17.073623 | J9: 16.840852 | K9: 11.909461
A10: 居住縣市 | C10: ***
B11: 新北市 | D11: 10221.054 | E11: 100 | F11: 53.398181 | G11: 4.3919525 | H11: 4.6358279 | I11: 12.902008 | J11: 15.628325 | K11: 9.0437058
B12: 臺北市 | D12: 6709.0416 | E12: 100 | F12: 44.228144 | G12: 5.23119 | H12: 6.0583306 | I12: 14.267577 | J12: 16.808786 | K12: 13.405973
B13: 桃園市 | D13: 6710.1983 | E13: 100 | F13: 47.128765 | G13: 4.7613296 | H13: 3.4215061 | I13: 16.046895 | J13: 16.585331 | K13: 12.056173
B14: 臺中市 | D14: 7037.842 | E14: 100 | F14: 48.740652 | G14: 5.0524952 | H14: 6.5334195 | I14: 15.066333 | J14: 13.594356 | K14: 11.012744
B15: 臺南市 | D15: 5905.2175 | E15: 100 | F15: 41.004151 | G15: 4.4685703 | H15: 4.002365 | I15: 20.801597 | J15: 16.127456 | K15: 13.595862
B16: 高雄市 | D16: 8427.3614 | E16: 100 | F16: 40.532969 | G16: 4.2459866 | H16: 4.425747 | I16: 20.254913 | J16: 18.036605 | K16: 12.503779
B17: 宜蘭縣 | D17: 1393.9732 | E17: 100 | F17: 37.25062 | G17: 3.2319064 | H17: 3.9314724 | I17: 18.080081 | J17: 22.826184 | K17: 14.679736
B18: 新竹縣 | D18: 1667.8871 | E18: 100 | F18: 48.044025 | G18: 5.3971345 | H18: 3.6465065 | I18: 16.771195 | J18: 15.892295 | K18: 10.248845
B19: 苗栗縣 | D19: 1563.9616 | E19: 100 | F19: 38.687869 | G19: 4.4074805 | H19: 4.5838131 | I19: 20.84 | J19: 19.793084 | K19: 11.687753
B20: 彰化縣 | D20: 2955.3726 | E20: 100 | F20: 53.308746 | G20: 4.6792075 | H20: 4.4291393 | I20: 16.000216 | J20: 12.5304 | K20: 9.0522914
B21: 南投縣 | D21: 1463.8493 | E21: 100 | F21: 37.975782 | G21: 2.5707704 | H21: 4.0241504 | I21: 20.691096 | J21: 19.073883 | K21: 15.664318
B22: 雲林縣 | D22: 2000.5111 | E22: 100 | F22: 36.798895 | G22: 5.0593494 | H22: 4.4109631 | I22: 19.706942 | J22: 18.988157 | K22: 15.035693
... B32: 連江縣 | D32: 27.230936 | E32: 100 | F32: 45.954833 | G32: 2.2523305 | H32: 12.839572 | I32: 10.847309 | J32: 11.326809 | K32: 16.779147
A33: 是否為直轄市 | C33: ***
B34: 直轄市 | D34: 45010.715 | E34: 100 | F34: 46.333655 | G34: 4.6581159 | H34: 4.8410918 | I34: 16.325882 | J34: 16.145305 | K34: 11.69595
B35: 非直轄市 | D35: 19949.138 | E35: 100 | F35: 41.639503 | G35: 4.2761036 | H35: 4.5222677 | I35: 18.760729 | J35: 18.410196 | K35: 12.3912
A36: 性別 | C36: ***
B37: 男 | D37: 32399.761 | E37: 100 | F37: 48.318248 | G37: 4.5765256 | H37: 7.2057729 | I37: 13.706772 | J37: 14.115295 | K37: 12.077387
B38: 女 | D38: 32560.092 | E38: 100 | F38: 41.48279 | G38: 4.5052506 | H38: 2.2927154 | I38: 20.423895 | J38: 19.552987 | K38: 11.742362
A39: 年齡 | C39: ***
B40: 15-未滿18歲 | D40: 1745.5889 | E40: 100 | F40: 1.5859244 | G40: 85.976694 | H40: 0.7419255 | I40: 2.6400053 | J40: 5.2175838 | K40: 3.837867
B41: 18-未滿20歲 | D41: 1064.9479 | E41: 100 | F41: 16.059831 | G41: 50.673779 | H41: 3.1123341 | I41: 9.4732842 | J41: 11.323421 | K41: 9.3573511
B42: 20-未滿30歲 | D42: 8619.0759 | E42: 100 | F42: 52.615192 | G42: 9.7302403 | H42: 4.3193095 | I42: 12.758439 | J42: 11.606836 | K42: 8.9699833
B43: 30-未滿40歲 | D43: 11493.445 | E43: 100 | F43: 61.346741 | G43: 0.11060663 | H43: 6.2198524 | I43: 11.730491 | J43: 15.345992 | K43: 5.2463168
B44: 40-未滿50歲 | D44: 14471.152 | E44: 100 | F44: 56.13769 | G44: 0.24725344 | H44: 6.1586469 | I44: 13.53374 | J44: 19.545719 | K44: 4.3769506
B45: 50-未滿60歲 | D45: 12114.528 | E45: 100 | F45: 50.812414 | G45: 0.10166445 | H45: 5.4340499 | I45: 18.642732 | J45: 14.951112 | K45: 10.058028
B46: 60-未滿65歲 | D46: 5287.3443 | E46: 100 | F46: 34.486494 | G46: 0.078891273 | H46: 4.210643 | I46: 26.673069 | J46: 17.48991 | K46: 17.060993
B47: 65歲及以上 | D47: 10163.772 | E47: 100 | F47: 12.539121 | G47: 0.055205026 | H47: 1.7290832 | I47: 28.226431 | J47: 23.607794 | K47: 33.842367
A49: 教育程度 | C49: ***
B50: 小學及以下 | D50: 3662.4814 | E50: 100 | F50: 13.279549 | G50: 0.015662939 | H50: 0.54293517 | I50: 30.684286 | J50: 18.847258 | K50: 36.630309
B51: 國(初)中 | D51: 4681.198 | E51: 100 | F51: 33.679471 | G51: 4.9219666 | H51: 2.5220041 | I51: 24.387281 | J51: 16.261427 | K51: 18.22785
B52: 高中(職) | D52: 17173.429 | E52: 100 | F52: 40.691261 | G52: 8.6211836 | H52: 4.2663508 | I52: 18.971064 | J52: 16.280786 | K52: 11.169355
B53: 專科 | D53: 7359.5475 | E53: 100 | F53: 45.347225 | G53: 0.91056636 | H53: 5.104138 | I53: 18.308886 | J53: 18.247556 | K53: 12.081628
B54: 大學 | D54: 23772.088 | E54: 100 | F54: 51.792282 | G54: 4.4625721 | H54: 4.6248541 | I54: 13.916717 | J54: 16.646439 | K54: 8.5571357
B55: 研究所及以上 | D55: 8249.9009 | E55: 100 | F55: 53.761784 | G55: 1.3370281 | H55: 8.9076404 | I55: 10.847844 | J55: 16.796713 | K55: 8.3489894
B56: 不知道/無意見 | D56: 61.208865 | E56: 100 | F56: 42.529307 | G56: 0 | H56: 0.9843469 | I56: 27.631656 | J56: 10.555012 | K56: 18.299678
A57: 職業 | C57: ***
B58: 農林漁牧 | D58: 1858.1568 | E58: 100 | F58: 49.235162 | G58: 0.10404385 | H58: 5.5298918 | I58: 12.399322 | J58: 23.949358 | K58: 8.7822218
B59: 工業 | D59: 14342.039 | E59: 100 | F59: 69.4984 | G59: 0.26919674 | H59: 6.3107024 | I59: 9.8043296 | J59: 9.5587196 | K59: 4.5586515
B60: 批發及零售業 | D60: 3046.0185 | E60: 100 | F60: 59.580122 | G60: 0.23197114 | H60: 7.4202258 | I60: 12.575274 | J60: 14.938725 | K60: 5.253681
B61: 住宿及餐飲業 | D61: 1904.7663 | E61: 100 | F61: 55.16147 | G61: 6.0597321 | H61: 2.323696 | I61: 12.881495 | J61: 12.658609 | K61: 10.914997
B62: 服務事業 | D62: 20617.456 | E62: 100 | F62: 62.17232 | G62: 0.76933424 | H62: 8.1531226 | I62: 10.869932 | J62: 12.237669 | K62: 5.7976227
B63: 軍公教 | D63: 3798.9002 | E63: 100 | F63: 65.292232 | G63: 0.054462774 | H63: 3.1951269 | I63: 9.5619881 | J63: 15.333656 | K63: 6.5625337
B64: 學生(部分工時就業) | D64: 161.46251 | E64: 100 | F64: 27.916994 | G64: 55.523811 | H64: 0.43192144 | I64: 11.106515 | J64: 2.0366586 | K64: 2.9841004
B65: 料理家事 | D65: 5782.3175 | E65: 100 | F65: 0 | G65: 0 | H65: 0 | I65: 42.715188 | J65: 36.746834 | K65: 20.537978
B66: 退休人員 | D66: 8199.5478 | E66: 100 | F66: 0 | G66: 0 | H66: 0 | I66: 33.475516 | J66: 27.35891 | K66: 39.165574
B67: 學生 | D67: 3353.3012 | E67: 100 | F67: 0 | G67: 75.501936 | H67: 0 | I67: 7.3914645 | J67: 8.9841193 | K67: 8.1224806
B68: 未就業者 | D68: 1772.0729 | E68: 100 | F68: 0 | G68: 0 | H68: 0 | I68: 40.166714 | J68: 35.766781 | K68: 24.066505
B69: 不知道/無意見 | D69: 123.81378 | E69: 100 | F69: 56.653846 | G69: 3.6524971 | H69: 0 | I69: 23.709798 | J69: 12.60681 | K69: 3.3770483
A70: 使用運具 | C70: ***
B71: 公共運輸 | D71: 8434.9697 | E71: 100 | F71: 41.218389 | G71: 13.95464 | H71: 3.7575268 | I71: 7.792659 | J71: 19.407463 | K71: 13.869323
B72: 非機動運具 | D72: 8643.4809 | E72: 100 | F72: 20.44052 | G72: 9.8494886 | H72: 0.92456443 | I72: 22.580469 | J72: 12.816519 | K72: 33.388438
B73: 私人機動運具 | D73: 50616.262 | E73: 100 | F73: 49.807207 | G73: 2.627858 | H73: 5.4980663 | I73: 16.999759 | J73: 16.937957 | K73: 8.1291528
A74: 出發時間 | C74: ***
B75: 7時以前 | D75: 4031.9925 | E75: 100 | F75: 53.0637 | G75: 8.3328063 | H75: 3.2851272 | I75: 8.951858 | J75: 7.9779705 | K75: 18.388538
B76: 7時-未滿9時 | D76: 15917.235 | E76: 100 | F76: 62.885808 | G76: 4.9369732 | H76: 1.7128408 | I76: 11.472731 | J76: 12.189259 | K76: 6.8023879
B77: 9時-未滿11時 | D77: 7171.7153 | E77: 100 | F77: 24.857614 | G77: 2.8147904 | H77: 7.9154186 | I77: 31.620841 | J77: 17.187724 | K77: 15.603611
B78: 11時-未滿13時 | D78: 5521.9149 | E78: 100 | F78: 11.689388 | G78: 1.9125705 | H78: 8.7421338 | I78: 35.014483 | J78: 31.240487 | K78: 11.400938
B79: 13時-未滿15時 | D79: 3504.2135 | E79: 100 | F79: 15.885359 | G79: 2.7144763 | H79: 14.968094 | I79: 16.739669 | J79: 28.763047 | K79: 20.929355
B80: 15時-未滿17時 | D80: 6016.8763 | E80: 100 | F80: 25.223896 | G80: 8.7987923 | H80: 10.386402 | I80: 16.483115 | J80: 21.993549 | K80: 17.114246
B81: 17時-未滿19時 | D81: 14232.915 | E81: 100 | F81: 61.3744 | G81: 4.1726157 | H81: 1.9200143 | I81: 10.88708 | J81: 13.387797 | K81: 8.2580938
B82: 19時-未滿22時 | D82: 6581.9845 | E82: 100 | F82: 45.120025 | G82: 3.7365959 | H82: 1.5290077 | I82: 17.935145 | J82: 17.991468 | K82: 13.687759
B83: 22時以後 | D83: 1122.662 | E83: 100 | F83: 55.911376 | G83: 4.5508843 | H83: 5.1970846 | I83: 6.1547003 | J83: 14.724745 | K83: 13.46121
B84: 拒答 | D84: 858.3437 | E84: 100 | F84: 20.647557 | G84: 0.57768367 | H84: 5.1210646 | I84: 37.886631 | J84: 15.608997 | K84: 20.158066
A87: 年度別 | C87: ***
B88: 98年度 | D88: 48491.603 | E88: 100 | F88: 44.2 | G88: 8.8 | H88: 4.6 | I88: 16 | J88: 15.5 | K88: 10.9
B89: 99年度 | D89: 77792.302 | E89: 100 | F89: 43.7 | G89: 8.7 | H89: 3.1 | I89: 15.4 | J89: 16.6 | K89: 12.5
B90: 100年度 | D90: 77238.153 | E90: 100 | F90: 43.8 | G90: 8.5 | H90: 4.6 | I90: 15.2 | J90: 16.9 | K90: 11
B91: 101年度 | D91: 77749.59 | E91: 100 | F91: 43.8 | G91: 8.4 | H91: 4.6 | I91: 15.1 | J91: 15.5 | K91: 12.4
B92: 102年度 | D92: 73755.151 | E92: 100 | F92: 44.7 | G92: 8 | H92: 3.4 | I92: 14.7 | J92: 16.1 | K92: 13.1
B93: 103年度 | D93: 76194.665 | E93: 100 | F93: 45 | G93: 7.2 | H93: 3.8 | I93: 14.7 | J93: 16.1 | K93: 13.2
B94: 104年度 | D94: 75815.477 | E94: 100 | F94: 44.6 | G94: 7.1 | H94: 3.1 | I94: 14.8 | J94: 17.4 | K94: 13
B95: 105年度 | D95: 77439.974 | E95: 100 | F95: 43.8 | G95: 7.7 | H95: 4 | I95: 15.2 | J95: 16.3 | K95: 12.9
B96: 109年度 | D96: 71956.362 | E96: 100 | F96: 44.504632 | G96: 5.8690316 | H96: 3.8830574 | I96: 14.751202 | J96: 17.233374 | K96: 13.758702
B97: 111年度 | D97: 70595.373 | E97: 100 | F97: 44.048309 | G97: 4.4540196 | H97: 4.0474692 | I97: 17.118619 | J97: 17.2844 | K97: 13.047183
B98: 113年度 | D98: =D$9 -> 64959.853 | E98: =E$9 -> 100 | F98: =F$9 -> 44.892083 | G98: =G$9 -> 4.5408001 | H98: =H$9 -> 4.7431811 | I98: =I$9 -> 17.073623 | J98: =J$9 -> 16.840852 | K98: =K$9 -> 11.909461

Sheet A03
A1: 附表3 民眾旅次次數分配
A2: 《平日市話及手機》
A3: 調查對象為15歲以上民眾，以人的角度做分析。
P4: 單位：人；%
A5: 項目別 | D5: 樣本數 | F5: 平均數 | H5: 總計
I6: 0次 | J6: 1次 | K6: 2次 | L6: 3次 | M6: 4次 | N6: 5次 | O6: 6次 | P6: 7次及 以上
D7: 全體 民眾 | E7: 外出 民眾 | F7: 全體 民眾 | G7: 外出 民眾
A9: 全體 | D9: 34236 | E9: 26053.683 | F9: 1.8974136 | G9: 2.4933079 | H9: 100 | I9: 23.899747 | J9: 3.1482411 | K9: 53.159819 | L9: 7.4561504 | M9: 8.1264484 | N9: 1.7539527 | O9: 1.4486248 | P9: 1.0070164
A10: 居住縣市 | C10: ***
B11: 新北市 | D11: 5980.4971 | E11: 4599.2691 | F11: 1.7090644 | G11: 2.2223215 | H11: 100 | I11: 23.095538 | J11: 4.0883151 | K11: 59.031167 | L11: 8.9152439 | M11: 3.3578633 | N11: 0.87140283 | O11: 0.45143558 | P11: 0.18903417
B12: 臺北市 | D12: 3636.2279 | E12: 2843.4294 | F12: 1.8450553 | G12: 2.3594895 | H12: 100 | I12: 21.802774 | J12: 3.4924319 | K12: 56.22681 | L12: 9.3243365 | M12: 6.9295424 | N12: 1.0557349 | O12: 0.68024791 | P12: 0.48812185
B13: 桃園市 | D13: 3357.9805 | E13: 2655.2301 | F13: 1.9982839 | G13: 2.5271626 | H13: 100 | I13: 20.927768 | J13: 3.0051657 | K13: 55.030293 | L13: 6.789976 | M13: 9.3593106 | N13: 1.8122054 | O13: 2.183686 | P13: 0.89159469
B14: 臺中市 | D14: 4082.8676 | E14: 3084.577 | F14: 1.7237497 | G14: 2.2816231 | H14: 100 | I14: 24.450723 | J14: 5.47336 | K14: 55.504821 | L14: 7.568476 | M14: 4.494241 | N14: 1.2063985 | O14: 0.87575223 | P14: 0.42622806
B15: 臺南市 | D15: 2740.2932 | E15: 2138.8136 | F15: 2.1549583 | G15: 2.7609781 | H15: 100 | I15: 21.94946 | J15: 2.1300495 | K15: 48.205565 | L15: 7.5157396 | M15: 13.589194 | N15: 2.664993 | O15: 2.0418352 | P15: 1.9031637
B16: 高雄市 | D16: 4037.8335 | E16: 3125.0223 | F16: 2.0870998 | G16: 2.6967364 | H16: 100 | I16: 22.606458 | J16: 1.1421036 | K16: 51.256824 | L16: 6.3096088 | M16: 12.280993 | N16: 3.3151108 | O16: 1.8954176 | P16: 1.1934841
B17: 宜蘭縣 | D17: 662.92573 | E17: 488.62265 | F17: 2.1027592 | G17: 2.8528624 | H17: 100 | I17: 26.293003 | J17: 1.0391704 | K17: 48.567799 | L17: 4.5863939 | M17: 12.695595 | N17: 1.615649 | O17: 1.7646357 | P17: 3.4377537
B18: 新竹縣 | D18: 837.20174 | E18: 652.14226 | F18: 1.9922165 | G18: 2.5575511 | H18: 100 | I18: 22.104527 | J18: 2.3408616 | K18: 54.095755 | L18: 6.3605473 | M18: 10.412952 | N18: 1.8745117 | O18: 1.8988749 | P18: 0.91197115
B19: 苗栗縣 | D19: 784.8158 | E19: 577.52162 | F19: 1.9927754 | G19: 2.7080573 | H19: 100 | I19: 26.4131 | J19: 1.4775604 | K19: 49.145502 | L19: 8.1418743 | M19: 9.3559418 | N19: 1.2353293 | O19: 1.6241693 | P19: 2.6065232
B20: 彰化縣 | D20: 1775.9603 | E20: 1308.2402 | F20: 1.6640984 | G20: 2.2590443 | H20: 100 | I20: 26.336177 | J20: 4.620987 | K20: 55.416904 | L20: 7.3845904 | M20: 4.1081206 | N20: 0.86217891 | O20: 1.0130628 | P20: 0.25797927
B21: 南投縣 | D21: 705.41405 | E21: 508.99963 | F21: 2.0751633 | G21: 2.875934 | H21: 100 | I21: 27.843848 | J21: 0.96454662 | K21: 43.771768 | L21: 6.8907168 | M21: 12.788865 | N21: 2.1928009 | O21: 4.2381651 | P21: 1.3092891
B22: 雲林縣 | D22: 978.05836 | E22: 696.44176 | F22: 2.0453903 | G22: 2.8724743 | H22: 100 | I22: 28.793435 | J22: 1.3282313 | K22: 44.958578 | L22: 5.6910045 | M22: 12.142649 | N22: 1.4200851 | O22: 2.8218806 | P22: 2.8441371
... B32: 連江縣 | D32: 20.841446 | E32: 11.14579 | F32: 1.3065761 | G32: 2.4431589 | H32: 100 | I32: 46.521034 | J32: 2.3824189 | K32: 39.99094 | L32: 4.2517488 | M32: 4.2232244 | N32: 0.36300496 | O32: 1.208044 | P32: 1.0595856
A33: 是否為直轄市 | C33: ***
B34: 直轄市 | D34: 23835.7 | E34: 18446.341 | F34: 1.888374 | G34: 2.440089 | H34: 100 | I34: 22.610447 | J34: 3.3578335 | K34: 54.874102 | L34: 7.8452564 | M34: 7.6307322 | N34: 1.7096187 | O34: 1.2305202 | P34: 0.74149062
B35: 非直轄市 | D35: 10400.3 | E35: 7607.3412 | F35: 1.918131 | G35: 2.6223535 | H35: 100 | I35: 26.8546 | J35: 2.6678915 | K35: 49.230979 | L35: 6.5643865 | M35: 9.2625448 | N35: 1.8555587 | O35: 1.9484831 | P35: 1.6155559
A36: 性別 | C36: ***
B37: 男 | D37: 16749.695 | E37: 12952.345 | F37: 1.9343493 | G37: 2.5014591 | H37: 100 | I37: 22.671159 | J37: 3.2217457 | K37: 53.529403 | L37: 8.0453573 | M37: 8.2467455 | N37: 1.6035465 | O37: 1.6422214 | P37: 1.0398217
B38: 女 | D38: 17486.305 | E38: 13101.338 | F38: 1.8620338 | G38: 2.4852494 | H38: 100 | I38: 25.07658 | J38: 3.0778329 | K38: 52.805804 | L38: 6.8917638 | M38: 8.0112189 | N38: 1.8980231 | O38: 1.2631834 | P38: 0.97559308
A39: 年齡 | C39: ***
B40: 15-未滿18歲 | D40: 990.8975 | E40: 805.83327 | F40: 1.7616241 | G40: 2.1661912 | H40: 100 | I40: 18.676425 | J40: 1.4105391 | K40: 67.784923 | L40: 9.4927831 | M40: 2.4979471 | N40: 0.11240379 | O40: 0.024978371 | P40: 0
B41: 18-未滿20歲 | D41: 687.19909 | E41: 455.60656 | F41: 1.5496935 | G41: 2.3374289 | H41: 100 | I41: 33.700937 | J41: 4.9999397 | K41: 47.309945 | L41: 6.1910771 | M41: 4.8847826 | N41: 1.0851229 | O41: 1.0167715 | P41: 0.81142408
B42: 20-未滿30歲 | D42: 4595.9785 | E42: 3652.617 | F42: 1.8753517 | G42: 2.3596988 | H42: 100 | I42: 20.525804 | J42: 5.7454428 | K42: 54.609215 | L42: 9.4522459 | M42: 6.3269551 | N42: 1.6716949 | O42: 1.3504048 | P42: 0.31823708
B43: 30-未滿40歲 | D43: 5316.029 | E43: 4538.9775 | F43: 2.1620357 | G43: 2.5321661 | H43: 100 | I43: 14.617142 | J43: 2.4764823 | K43: 59.543875 | L43: 9.3448051 | M43: 8.7671717 | N43: 2.3102781 | O43: 1.5429294 | P43: 1.3973162
B44: 40-未滿50歲 | D44: 6474.5931 | E44: 5504.1239 | F44: 2.2350674 | G44: 2.6291472 | H44: 100 | I44: 14.988884 | J44: 2.5355826 | K44: 58.688304 | L44: 7.3849387 | M44: 9.6486162 | N44: 2.1924469 | O44: 2.461956 | P44: 2.099272
B45: 50-未滿60歲 | D45: 5835.4026 | E45: 4731.8355 | F45: 2.0760397 | G45: 2.5602174 | H45: 100 | I45: 18.911585 | J45: 2.4913509 | K45: 55.468329 | L45: 8.1361621 | M45: 9.9404043 | N45: 2.225768 | O45: 1.6951554 | P45: 1.1312459
B46: 60-未滿65歲 | D46: 2922.4243 | E46: 2115.8019 | F46: 1.8092323 | G46: 2.4989789 | H46: 100 | I46: 27.601141 | J46: 3.5706895 | K46: 49.168825 | L46: 6.6016014 | M46: 9.1878851 | N46: 2.2063302 | O46: 0.79864042 | P46: 0.86488756
B47: 65歲及以上 | D47: 7413.4759 | E47: 4248.8872 | F47: 1.370986 | G47: 2.392102 | H47: 100 | I47: 42.686977 | J47: 2.9660279 | K47: 41.198687 | L47: 4.5732096 | M47: 6.659757 | N47: 0.75475849 | O47: 0.84938702 | P47: 0.31119609
A49: 教育程度 | C49: ***
B50: 小學及以下 | D50: 3395.0961 | E50: 1575.0149 | F50: 1.0787563 | G50: 2.325363 | H50: 100 | I50: 53.609121 | J50: 2.356711 | K50: 35.068467 | L50: 2.5622698 | M50: 5.335624 | N50: 0.29477135 | O50: 0.66337106 | P50: 0.10966455
B51: 國(初)中 | D51: 3014.9642 | E51: 1946.0664 | F51: 1.5526546 | G51: 2.4054667 | H51: 100 | I51: 35.453084 | J51: 3.0523796 | K51: 47.391826 | L51: 4.0837496 | M51: 7.4345316 | N51: 1.0099182 | O51: 0.96900685 | P51: 0.60550384
B52: 高中(職) | D52: 9553.0689 | E52: 7078.3815 | F52: 1.7976871 | G52: 2.4261802 | H52: 100 | I52: 25.904633 | J52: 3.214958 | K52: 53.432752 | L52: 6.765664 | M52: 7.5336839 | N52: 1.2899381 | O52: 1.0664513 | P52: 0.79191902
B53: 專科 | D53: 3577.905 | E53: 2886.6803 | F53: 2.0569433 | G53: 2.5494848 | H53: 100 | I53: 19.319257 | J53: 3.542835 | K53: 54.797891 | L53: 7.6073698 | M53: 8.9691072 | N53: 2.4227055 | O53: 2.3217629 | P53: 1.0190719
B54: 大學 | D54: 11326.639 | E54: 9515.6769 | F54: 2.0987769 | G54: 2.4982025 | H54: 100 | I54: 15.98852 | J54: 3.5044333 | K54: 58.106152 | L54: 8.9280638 | M54: 8.5366383 | N54: 2.1332182 | O54: 1.7346396 | P54: 1.0683355
B55: 研究所及以上 | D55: 3288.1951 | E55: 3023.5309 | F55: 2.5089451 | G55: 2.7285651 | H55: 100 | I55: 8.0489185 | J55: 2.2078668 | K55: 58.167932 | L55: 12.454754 | M55: 11.194121 | N55: 3.2927604 | O55: 1.9095044 | P55: 2.7241421
B56: 不知道/無意見 | D56: 80.131938 | E56: 28.331754 | F56: 0.76385105 | G56: 2.1604333 | H56: 100 | I56: 64.643618 | J56: 2.9591099 | K56: 26.341386 | L56: 4.0849998 | M56: 1.5848478 | N56: 0.27671982 | O56: 0 | P56: 0.10931921
A57: 職業 | C57: ***
B58: 農林漁牧 | D58: 858.63852 | E58: 649.88501 | F58: 2.1640734 | G58: 2.8592086 | H58: 100 | I58: 24.312152 | J58: 1.8756059 | K58: 43.645577 | L58: 6.6156776 | M58: 17.862659 | N58: 1.5644511 | O58: 2.4133357 | P58: 1.7105421
B59: 工業 | D59: 6378.5061 | E59: 5829.6003 | F59: 2.2484951 | G59: 2.4602097 | H59: 100 | I59: 8.6055545 | J59: 2.2482744 | K59: 66.043085 | L59: 9.649697 | M59: 9.6645016 | N59: 1.3162141 | O59: 1.4827409 | P59: 0.98993285
B60: 批發及零售業 | D60: 1425.9673 | E60: 1204.3557 | F60: 2.1361069 | G60: 2.5291685 | H60: 100 | I60: 15.54114 | J60: 1.8231165 | K60: 61.451172 | L60: 7.6602664 | M60: 8.7594053 | N60: 1.2762272 | O60: 1.6569052 | P60: 1.8317678
B61: 住宿及餐飲業 | D61: 947.6489 | E61: 765.50057 | F61: 2.0099915 | G61: 2.4882624 | H61: 100 | I61: 19.221078 | J61: 2.8593119 | K61: 57.726959 | L61: 9.1658565 | M61: 6.7395456 | N61: 1.8729739 | O61: 0.86158213 | P61: 1.5526932
B62: 服務事業 | D62: 9521.6255 | E62: 8161.789 | F62: 2.1653295 | G62: 2.5260952 | H62: 100 | I62: 14.281558 | J62: 3.3136959 | K62: 59.792248 | L62: 8.2272148 | M62: 8.7031283 | N62: 2.6307868 | O62: 1.6168717 | P62: 1.4344968
B63: 軍公教 | D63: 1722.5891 | E63: 1515.3334 | F63: 2.2053432 | G63: 2.5069732 | H63: 100 | I63: 12.031641 | J63: 4.1999976 | K63: 59.598143 | L63: 11.05078 | M63: 7.6786366 | N63: 2.9569591 | O63: 0.90687629 | P63: 1.5769663
B64: 學生(部分工時就業) | D64: 83.971673 | E64: 67.275496 | F64: 1.9228212 | G64: 2.4000196 | H64: 100 | I64: 19.883106 | J64: 1.7886539 | K64: 48.662557 | L64: 25.940336 | M64: 3.5023702 | N64: 0 | O64: 0.22297663 | P64: 0
B65: 料理家事 | D65: 3838.787 | E65: 2242.9421 | F65: 1.5062877 | G65: 2.5780057 | H65: 100 | I65: 41.571593 | J65: 3.4277276 | K65: 38.367462 | L65: 4.7023818 | M65: 7.4764767 | N65: 1.8483444 | O65: 1.7939289 | P65: 0.81208538
B66: 退休人員 | D66: 5782.265 | E66: 3366.8098 | F66: 1.4180512 | G66: 2.4354057 | H66: 100 | I66: 41.773513 | J66: 3.5088824 | K66: 40.096712 | L66: 5.0379152 | M66: 7.0401179 | N66: 1.1148968 | O66: 1.0602135 | P66: 0.36774845
B67: 學生 | D67: 1911.4784 | E67: 1496.4431 | F67: 1.7542972 | G67: 2.2408477 | H67: 100 | I67: 21.712788 | J67: 3.8180791 | K67: 60.254039 | L67: 8.3286459 | M67: 4.4539185 | N67: 0.41943758 | O67: 0.92621124 | P67: 0.086880559
B68: 未就業者 | D68: 1692.5752 | E68: 706.20352 | F68: 1.0469685 | G68: 2.509295 | H68: 100 | I68: 58.276386 | J68: 3.9398278 | K68: 26.686751 | L68: 3.1094067 | M68: 4.6898335 | N68: 1.2818532 | O68: 1.5287451 | P68: 0.48719652
B69: 不知道/無意見 | D69: 71.947398 | E69: 47.544733 | F69: 1.7208931 | G69: 2.6041534 | H69: 100 | I69: 33.917369 | J69: 2.3862413 | K69: 46.82032 | L69: 7.1265444 | M69: 1.5015457 | N69: 0.81126679 | O69: 7.4367126 | P69: 0
A70: 外出目的 | C70: ***
B71: 通勤 | D71: 0 | E71: 15320.453 | F71: 0 | G71: 1.9034575 | H71: 100 | I71: 0 | J71: 9.6608339 | K71: 90.332581 | L71: 0.0065851832 | M71: 0 | N71: 0 | O71: 0 | P71: 0
B72: 通學 | D72: 0 | E72: 1523.3731 | F72: 0 | G72: 1.9362933 | H72: 100 | I72: 0 | J72: 8.5882408 | K72: 89.865628 | L72: 0.87469359 | M72: 0.67143749 | N72: 0 | O72: 0 | P72: 0
B73: 公(商)務 | D73: 0 | E73: 1359.6994 | F73: 0 | G73: 2.2660623 | H73: 100 | I73: 0 | J73: 35.566758 | K73: 34.638473 | L73: 11.629975 | M73: 11.08852 | N73: 3.3463471 | O73: 1.9539271 | P73: 1.7759998
B74: 購物 | D74: 0 | E74: 5729.4492 | F74: 0 | G74: 1.9357882 | H74: 100 | I74: 0 | J74: 23.073887 | K74: 67.203161 | L74: 4.2529978 | M74: 4.5548315 | N74: 0.48442057 | O74: 0.33839348 | P74: 0.092308439
B75: 家庭及個人活動 | D75: 0 | E75: 5589.2824 | F75: 0 | G75: 1.9572803 | H75: 100 | I75: 0 | J75: 30.040037 | K75: 56.273426 | L75: 5.37774 | M75: 6.1241814 | N75: 1.2568168 | O75: 0.55464078 | P75: 0.37315865
B76: 休閒 | D76: 0 | E76: 4387.4426 | F76: 0 | G76: 1.763298 | H76: 100 | I76: 0 | J76: 38.57465 | K76: 52.815743 | L76: 3.1030398 | M76: 5.0011134 | N76: 0.26772958 | O76: 0.21513045 | P76: 0.02259324
A77: 使用運具 | C77: ***
B78: 公共運輸 | D78: 0 | E78: 4349.5551 | F78: 0 | G78: 1.9392718 | H78: 100 | I78: 0 | J78: 18.265899 | K78: 72.926751 | L78: 5.8587332 | M78: 2.5973286 | N78: 0.30834375 | O78: 0.021501658 | P78: 0.02144256
B79: 非機動運具 | D79: 0 | E79: 4225.4394 | F79: 0 | G79: 2.0455816 | H79: 100 | I79: 0 | J79: 15.117541 | K79: 73.030363 | L79: 6.0942442 | M79: 4.6167947 | N79: 0.37112414 | O79: 0.65043909 | P79: 0.11949425
B80: 私人機動運具 | D80: 0 | E80: 20244.022 | F80: 0 | G80: 2.5003066 | H80: 100 | I80: 0 | J80: 4.5895685 | K80: 69.246336 | L80: 9.929811 | M80: 10.388713 | N80: 2.4296722 | O80: 1.8694607 | P80: 1.5464391
A81: 出發時間 | C81: ***
B82: 7時以前 | D82: 0 | E82: 3579.0798 | F82: 0 | G82: 1.1265445 | H82: 100 | I82: 0 | J82: 88.469148 | K82: 10.752687 | L82: 0.43529274 | M82: 0.34031517 | N82: 0.0025570864 | O82: 0 | P82: 0
B83: 7時-未滿9時 | D83: 0 | E83: 14075.367 | F83: 0 | G83: 1.1308575 | H83: 100 | I83: 0 | J83: 87.929519 | K83: 11.133366 | L83: 0.87142847 | M83: 0.054243673 | N83: 0.010414272 | O83: 0.0010285094 | P83: 0
B84: 9時-未滿11時 | D84: 0 | E84: 5835.1903 | F84: 0 | G84: 1.2290457 | H84: 100 | I84: 0 | J84: 79.174962 | K84: 18.916984 | L84: 1.7483549 | M84: 0.14792659 | N84: 0.011773083 | O84: 0 | P84: 0
B85: 11時-未滿13時 | D85: 0 | E85: 4300.7329 | F85: 0 | G85: 1.2839474 | H85: 100 | I85: 0 | J85: 73.058368 | K85: 25.737886 | L85: 1.0123559 | M85: 0.13341861 | N85: 0.057971653 | O85: 0 | P85: 0
B86: 13時-未滿15時 | D86: 0 | E86: 3110.0344 | F86: 0 | G86: 1.1267443 | H86: 100 | I86: 0 | J86: 87.912126 | K86: 11.562099 | L86: 0.46499596 | M86: 0.060778809 | N86: 0 | O86: 0 | P86: 0
B87: 15時-未滿17時 | D87: 0 | E87: 4969.2915 | F87: 0 | G87: 1.2108117 | H87: 100 | I87: 0 | J87: 81.087132 | K87: 16.957444 | L87: 1.7518649 | M87: 0.19423826 | N87: 0.0093205767 | O87: 0 | P87: 0
B88: 17時-未滿19時 | D88: 0 | E88: 12405.813 | F88: 0 | G88: 1.1472779 | H88: 100 | I88: 0 | J88: 87.193231 | K88: 11.148829 | L88: 1.4121476 | M88: 0.22850314 | N88: 0.017289403 | O88: 0 | P88: 0
B89: 19時-未滿22時 | D89: 0 | E89: 5271.0496 | F89: 0 | G89: 1.2487047 | H89: 100 | I89: 0 | J89: 78.393788 | K89: 18.98624 | L89: 1.9818982 | M89: 0.63185893 | N89: 0.0062149388 | O89: 0 | P89: 0
B90: 22時以後 | D90: 0 | E90: 1030.3868 | F90: 0 | G90: 1.089554 | H90: 100 | I90: 0 | J90: 91.856499 | K90: 7.3316076 | L90: 0.81189382 | M90: 0 | N90: 0 | O90: 0 | P90: 0
B91: 拒答 | D91: 0 | E91: 553.9209 | F91: 0 | G91: 1.5495781 | H91: 100 | I91: 0 | J91: 54.000356 | K91: 41.304379 | L91: 1.5930272 | M91: 2.4509381 | N91: 0.26515367 | O91: 0.26292618 | P91: 0.12321982
A93: 年度別 | C93: ***
B94: 98年度 | D94: 24971 | E94: 18681.171 | F94: 1.9419167 | G94: 2.5957474 | H94: 100 | I94: 25.188533 | J94: 1.2717949 | K94: 51.844347 | L94: 6.5085976 | M94: 10.772851 | N94: 1.7954752 | O94: 1.7206637 | P94: 0.8977376
B95: 99年度 | D95: 38733 | E95: 30225.715 | F95: 2.0084244 | G95: 2.5737125 | H95: 100 | I95: 21.963919 | J95: 1.1705412 | K95: 55.327581 | L95: 5.6966339 | M95: 11.627376 | N95: 1.6387577 | O95: 1.6387577 | P95: 0.93643297
B96: 100年度 | D96: 39900 | E96: 29872.684 | F96: 1.9357933 | G96: 2.585578 | H96: 100 | I96: 25.131119 | J96: 1.3476399 | K96: 52.258479 | L96: 6.2141171 | M96: 10.631381 | N96: 1.5722465 | O96: 1.7968531 | P96: 0.97329546
B97: 101年度 | D97: 39907 | E97: 30432.519 | F97: 1.9482695 | G97: 2.5548194 | H97: 100 | I97: 23.741401 | J97: 1.6014306 | K97: 52.694692 | L97: 8.1596701 | M97: 9.6848421 | N97: 1.6014306 | O97: 1.525172 | P97: 0.91510319
B98: 102年度 | D98: 38268 | E98: 29397.222 | F98: 1.9273323 | G98: 2.5089157 | H98: 100 | I98: 23.180668 | J98: 1.6900253 | K98: 54.00399 | L98: 8.8342232 | M98: 8.6805845 | N98: 1.4595673 | O98: 1.3059286 | P98: 0.84501265
B99: 103年度 | D99: 38273 | E99: 29646.158 | F99: 1.9908203 | G99: 2.5701362 | H99: 100 | I99: 22.540282 | J99: 1.8590332 | K99: 53.911964 | L99: 6.5066163 | M99: 10.457062 | N99: 1.7815735 | O99: 1.936493 | P99: 0.92951662
B100: 104年度 | D100: 39101 | E100: 29607.163 | F100: 1.9389652 | G100: 2.560714 | H100: 100 | I100: 24.280293 | J100: 2.2715912 | K100: 52.549477 | L100: 5.9818569 | M100: 10.29788 | N100: 1.7415533 | O100: 1.817273 | P100: 0.98435619
B101: 105年度 | D101: 40246 | E101: 30541.05 | F101: 1.9241657 | G101: 2.5356029 | H101: 100 | I101: 24.114074 | J101: 2.7318933 | K101: 52.892491 | L101: 5.9191022 | M101: 10.016942 | N101: 1.5177185 | O101: 1.6694904 | P101: 1.062403
B102: 109年度 | D102: 37337 | E102: 28456.74 | F102: 1.9272133 | G102: 2.5286228 | H102: 100 | I102: 23.784074 | J102: 3.0231052 | K102: 52.776492 | L102: 6.4992527 | M102: 9.2644121 | N102: 2.0552606 | O102: 1.6893217 | P102: 0.90808114
B103: 111年度 | D103: 37792 | E103: 27723.181 | F103: 1.8679978 | G103: 2.5464384 | H103: 100 | I103: 26.642725 | J103: 3.457818 | K103: 50.038553 | L103: 6.2095219 | M103: 8.8305334 | N103: 1.6560457 | O103: 2.0764501 | P103: 1.0883532
B104: 113年度 | D104: =D$9 -> 34236 | E104: =E$9 -> 26053.683 | F104: =F$9 -> 1.8974136 | G104: =G$9 -> 2.4933079 | H104: =H$9 -> 100 | I104: =I$9 -> 23.899747 | J104: =J$9 -> 3.1482411 | K104: =K$9 -> 53.159819 | ... P104: =P$9 -> 1.0070164

Sheet A04
A1: 附表4 外出民眾旅次地點關係
A2: 《平日市話及手機》
A3: 調查對象為昨天有外出民眾，以旅次角度做分析。
I4: 單位：旅次；%
A5: 項目別 | D5: 樣本數 | E5: 總計
F6: 同縣市 | I6: 跨縣市
G7: 同鄉鎮市 | H7: 跨鄉鎮市
A9: 全體 | D9: 64959.853 | E9: 100 | F9: 84.3339 | G9: 53.047219 | H9: 31.286681 | I9: 15.6661
A10: 居住縣市 | C10: ***
B11: 新北市 | D11: 10221.054 | E11: 100 | F11: 63.964739 | G11: 42.511646 | H11: 21.453094 | I11: 36.035261
B12: 臺北市 | D12: 6709.0416 | E12: 100 | F12: 85.500587 | G12: 43.345663 | H12: 42.154924 | I12: 14.499413
B13: 桃園市 | D13: 6710.1983 | E13: 100 | F13: 83.407657 | G13: 57.821212 | H13: 25.586446 | I13: 16.592343
B14: 臺中市 | D14: 7037.842 | E14: 100 | F14: 92.157518 | G14: 53.313255 | H14: 38.844263 | I14: 7.8424816
B15: 臺南市 | D15: 5905.2175 | E15: 100 | F15: 95.0102 | G15: 53.839172 | H15: 41.171028 | I15: 4.9897999
B16: 高雄市 | D16: 8427.3614 | E16: 100 | F16: 91.824405 | G16: 52.603016 | H16: 39.221389 | I16: 8.1755947
B17: 宜蘭縣 | D17: 1393.9732 | E17: 100 | F17: 92.125115 | G17: 49.039686 | H17: 43.085429 | I17: 7.8748846
B18: 新竹縣 | D18: 1667.8871 | E18: 100 | F18: 76.080337 | G18: 58.382506 | H18: 17.69783 | I18: 23.919663
B19: 苗栗縣 | D19: 1563.9616 | E19: 100 | F19: 83.910357 | G19: 59.057752 | H19: 24.852605 | I19: 16.089643
B20: 彰化縣 | D20: 2955.3726 | E20: 100 | F20: 88.259639 | G20: 56.769535 | H20: 31.490104 | I20: 11.740361
B21: 南投縣 | D21: 1463.8493 | E21: 100 | F21: 87.113083 | G21: 71.001712 | H21: 16.111371 | I21: 12.886917
B22: 雲林縣 | D22: 2000.5111 | E22: 100 | F22: 91.799358 | G22: 67.352611 | H22: 24.446747 | I22: 8.2006419
... B32: 連江縣 | D32: 27.230936 | E32: 100 | F32: 96.666582 | G32: 94.821763 | H32: 1.8448192 | I32: 3.3334182
A33: 是否為直轄市 | C33: ***
B34: 直轄市 | D34: 45010.715 | E34: 100 | F34: 83.770706 | G34: 49.982774 | H34: 33.787932 | I34: 16.229294
B35: 非直轄市 | D35: 19949.138 | E35: 100 | F35: 85.60462 | G35: 59.961445 | H35: 25.643174 | I35: 14.39538
A36: 性別 | C36: ***
B37: 男 | D37: 32399.761 | E37: 100 | F37: 82.752317 | G37: 49.035482 | H37: 33.716835 | I37: 17.247683
B38: 女 | D38: 32560.092 | E38: 100 | F38: 85.907695 | G38: 57.039202 | H38: 28.868493 | I38: 14.092305
A39: 年齡 | C39: ***
B40: 15-未滿18歲 | D40: 1745.5889 | E40: 100 | F40: 83.73611 | G40: 43.505268 | H40: 40.230841 | I40: 16.26389
B41: 18-未滿20歲 | D41: 1064.9479 | E41: 100 | F41: 84.504357 | G41: 49.8344 | H41: 34.669957 | I41: 15.495643
B42: 20-未滿30歲 | D42: 8619.0759 | E42: 100 | F42: 81.193582 | G42: 48.342605 | H42: 32.850978 | I42: 18.806418
B43: 30-未滿40歲 | D43: 11493.445 | E43: 100 | F43: 82.410891 | G43: 48.578643 | H43: 33.832248 | I43: 17.589109
B44: 40-未滿50歲 | D44: 14471.152 | E44: 100 | F44: 84.346358 | G44: 49.744418 | H44: 34.60194 | I44: 15.653642
B45: 50-未滿60歲 | D45: 12114.528 | E45: 100 | F45: 83.733743 | G45: 51.350803 | H45: 32.38294 | I45: 16.266257
B46: 60-未滿65歲 | D46: 5287.3443 | E46: 100 | F46: 86.870497 | G46: 60.47193 | H46: 26.398567 | I46: 13.129503
B47: 65歲及以上 | D47: 10163.772 | E47: 100 | F47: 88.634379 | G47: 66.927518 | H47: 21.706861 | I47: 11.365621
A49: 教育程度 | C49: ***
B50: 小學及以下 | D50: 3662.4814 | E50: 100 | F50: 92.946963 | G50: 76.319038 | H50: 16.627925 | I50: 7.0530371
B51: 國(初)中 | D51: 4681.198 | E51: 100 | F51: 88.405406 | G51: 66.477784 | H51: 21.927623 | I51: 11.594594
B52: 高中(職) | D52: 17173.429 | E52: 100 | F52: 87.436485 | G52: 54.26892 | H52: 33.167565 | I52: 12.563515
B53: 專科 | D53: 7359.5475 | E53: 100 | F53: 84.147105 | G53: 53.900176 | H53: 30.246929 | I53: 15.852895
B54: 大學 | D54: 23772.088 | E54: 100 | F54: 82.40408 | G54: 49.549764 | H54: 32.854316 | I54: 17.59592
B55: 研究所及以上 | D55: 8249.9009 | E55: 100 | F55: 77.40089 | G55: 41.686637 | H55: 35.714253 | I55: 22.59911
B56: 不知道/無意見 | D56: 61.208865 | E56: 100 | F56: 93.490939 | G56: 77.611922 | H56: 15.879016 | I56: 6.5090613
A57: 職業 | C57: ***
B58: 農林漁牧 | D58: 1858.1568 | E58: 100 | F58: 94.396912 | G58: 74.985722 | H58: 19.41119 | I58: 5.6030875
B59: 工業 | D59: 14342.039 | E59: 100 | F59: 81.795668 | G59: 44.523152 | H59: 37.272516 | I59: 18.204332
B60: 批發及零售業 | D60: 3046.0185 | E60: 100 | F60: 85.176674 | G60: 49.670839 | H60: 35.505835 | I60: 14.823326
B61: 住宿及餐飲業 | D61: 1904.7663 | E61: 100 | F61: 83.77573 | G61: 51.316131 | H61: 32.459599 | I61: 16.22427
B62: 服務事業 | D62: 20617.456 | E62: 100 | F62: 81.650383 | G62: 47.852272 | H62: 33.798111 | I62: 18.349617
B63: 軍公教 | D63: 3798.9002 | E63: 100 | F63: 82.489545 | G63: 44.256399 | H63: 38.233145 | I63: 17.510455
B64: 學生(部分工時就業) | D64: 161.46251 | E64: 100 | F64: 87.511808 | G64: 46.164283 | H64: 41.347526 | I64: 12.488192
B65: 料理家事 | D65: 5782.3175 | E65: 100 | F65: 90.849476 | G65: 71.291377 | H65: 19.5581 | I65: 9.1505238
B66: 退休人員 | D66: 8199.5478 | E66: 100 | F66: 88.758143 | G66: 67.008001 | H66: 21.750143 | I66: 11.241857
B67: 學生 | D67: 3353.3012 | E67: 100 | F67: 82.487896 | G67: 50.609154 | H67: 31.878742 | I67: 17.512104
B68: 未就業者 | D68: 1772.0729 | E68: 100 | F68: 89.392502 | G68: 67.356455 | H68: 22.036047 | I68: 10.607498
B69: 不知道/無意見 | D69: 123.81378 | E69: 100 | F69: 94.798182 | G69: 49.295546 | H69: 45.502636 | I69: 5.2018181
A70: 外出目的 | C70: ***
B71: 通勤 | D71: 29161.831 | E71: 100 | F71: 81.142677 | G71: 42.818564 | H71: 38.324113 | I71: 18.857323
B72: 通學 | D72: 2949.6971 | E72: 100 | F72: 82.6938 | G72: 47.295167 | H72: 35.398633 | I72: 17.3062
B73: 公(商)務 | D73: 3081.1635 | E73: 100 | F73: 72.707143 | G73: 34.37193 | H73: 38.335212 | I73: 27.292857
B74: 購物 | D74: 11091 | E74: 100 | F74: 95.480914 | G74: 77.56446 | H74: 17.916454 | I74: 4.5190856
B75: 家庭及個人活動 | D75: 10939.792 | E75: 100 | F75: 86.296691 | G75: 55.956213 | H75: 30.340478 | I75: 13.703309
B76: 休閒 | D76: 7736.3685 | E76: 100 | F76: 82.862871 | G76: 61.972625 | H76: 20.890246 | I76: 17.137129
A77: 使用運具 | C77: ***
B78: 公共運輸 | D78: 8434.9697 | E78: 100 | F78: 60.91825 | G78: 23.132846 | H78: 37.785404 | I78: 39.08175
B79: 非機動運具 | D79: 8643.4809 | E79: 100 | F79: 90.623951 | G79: 77.269736 | H79: 13.354215 | I79: 9.3760485
B80: 私人機動運具 | D80: 50616.262 | E80: 100 | F80: 84.978477 | G80: 51.560529 | H80: 33.417948 | I80: 15.021523
A81: 出發時間 | C81: ***
B82: 7時以前 | D82: 4031.9925 | E82: 100 | F82: 77.803751 | G82: 48.428219 | H82: 29.375533 | I82: 22.196249
B83: 7時-未滿9時 | D83: 15917.235 | E83: 100 | F83: 84.970589 | G83: 52.352832 | H83: 32.617758 | I83: 15.029411
B84: 9時-未滿11時 | D84: 7171.7153 | E84: 100 | F84: 85.542912 | G84: 59.417867 | H84: 26.125046 | I84: 14.457088
B85: 11時-未滿13時 | D85: 5521.9149 | E85: 100 | F85: 88.491413 | G85: 64.078695 | H85: 24.412718 | I85: 11.508587
B86: 13時-未滿15時 | D86: 3504.2135 | E86: 100 | F86: 80.825516 | G86: 50.114428 | H86: 30.711087 | I86: 19.174484
B87: 15時-未滿17時 | D87: 6016.8763 | E87: 100 | F87: 83.718154 | G87: 50.786883 | H87: 32.931271 | I87: 16.281846
B88: 17時-未滿19時 | D88: 14232.915 | E88: 100 | F88: 83.600818 | G88: 48.350374 | H88: 35.250444 | I88: 16.399182
B89: 19時-未滿22時 | D89: 6581.9845 | E89: 100 | F89: 85.643704 | G89: 54.419596 | H89: 31.224108 | I89: 14.356296
B90: 22時以後 | D90: 1122.662 | E90: 100 | F90: 82.521992 | G90: 45.883265 | H90: 36.638727 | I90: 17.478008
B91: 拒答 | D91: 858.3437 | E91: 100 | F91: 89.47519 | G91: 67.971283 | H91: 21.503906 | I91: 10.52481
A94: 年度別 | C94: ***
B95: 98年度 | D95: 48491.603 | E95: 100 | F95: 85.6 | G95: 52.8 | H95: 32.8 | I95: 14.4
B96: 99年度 | D96: 77792.302 | E96: 100 | F96: 86.5 | G96: 53.2 | H96: 33.2 | I96: 13.5
B97: 100年度 | D97: 77238.153 | E97: 100 | F97: 86.1 | G97: 51.4 | H97: 34.7 | I97: 13.9
B98: 101年度 | D98: 77749.59 | E98: 100 | F98: 86.3 | G98: 51.4 | H98: 34.9 | I98: 13.7
B99: 102年度 | D99: 73755.151 | E99: 100 | F99: 85.8 | G99: 52.5 | H99: 33.3 | I99: 14.2
B100: 103年度 | D100: 76194.665 | E100: 100 | F100: 85.5 | G100: 52 | H100: 33.5 | I100: 14.5
B101: 104年度 | D101: 75815.477 | E101: 100 | F101: 85.9 | G101: 52.8 | H101: 33.2 | I101: 14.1
B102: 105年度 | D102: 77439.974 | E102: 100 | F102: 85.5 | G102: 52.4 | H102: 33 | I102: 14.5
B103: 109年度 | D103: 71956.362 | E103: 100 | F103: 85.652672 | G103: 54.262058 | H103: 31.390614 | I103: 14.347328
B104: 111年度 | D104: 70595.373 | E104: 100 | F104: 86.534564 | G104: 55.898479 | H104: 30.636085 | I104: 13.465436
B105: 113年度 | D105: =D$9 -> 64959.853 | E105: =E$9 -> 100 | F105: =F$9 -> 84.3339 | G105: =G$9 -> 53.047219 | H105: =H$9 -> 31.286681 | I105: =I$9 -> 15.6661

Sheet B
B15: B. 民眾通勤學概況與地點關係

Sheet B05
A1: 附表5 目前通勤或通學概況
A2: 《平日市話及手機》
A3: 調查對象為15歲以上民眾，以人的角度做分析。
I4: 單位：人；%
A5: 項目別 | D5: 樣本數 | E5: 總計
F6: 僅上班 | G6: 僅上學 | H6: 兩者皆有 | I6: 兩者皆無
A9: 全體 | D9: 34236 | E9: 100 | F9: 59.927939 | G9: 5.5832409 | H9: 1.4183145 | I9: 33.070505
A10: 居住縣市 | C10: ***
B11: 新北市 | D11: 5980.4971 | E11: 100 | F11: 61.462285 | G11: 4.6971766 | H11: 1.3044191 | I11: 32.536119
B12: 臺北市 | D12: 3636.2279 | E12: 100 | F12: 55.632669 | G12: 5.5217636 | H12: 2.0640173 | I12: 36.78155
B13: 桃園市 | D13: 3357.9805 | E13: 100 | F13: 60.924789 | G13: 6.5552807 | H13: 1.0697419 | I13: 31.450188
B14: 臺中市 | D14: 4082.8676 | E14: 100 | F14: 60.243633 | G14: 6.8557718 | H14: 1.4384675 | I14: 31.462128
B15: 臺南市 | D15: 2740.2932 | E15: 100 | F15: 61.344748 | G15: 5.2887876 | H15: 1.6154448 | I15: 31.75102
B16: 高雄市 | D16: 4037.8335 | E16: 100 | F16: 59.684445 | G16: 5.7335926 | H16: 1.6193964 | I16: 32.962566
B17: 宜蘭縣 | D17: 662.92573 | E17: 100 | F17: 58.174594 | G17: 4.1556636 | H17: 1.808975 | I17: 35.860768
B18: 新竹縣 | D18: 837.20174 | E18: 100 | F18: 60.54996 | G18: 6.8757794 | H18: 1.7774986 | I18: 30.796762
B19: 苗栗縣 | D19: 784.8158 | E19: 100 | F19: 58.718022 | G19: 4.570466 | H19: 1.3630973 | I19: 35.348414
B20: 彰化縣 | D20: 1775.9603 | E20: 100 | F20: 62.361133 | G20: 4.6417711 | H20: 1.2072276 | I20: 31.789868
B21: 南投縣 | D21: 705.41405 | E21: 100 | F21: 58.882798 | G21: 4.0704707 | H21: 1.6340404 | I21: 35.412691
B22: 雲林縣 | D22: 978.05836 | E22: 100 | F22: 56.820245 | G22: 5.9499912 | H22: 0.84760665 | I22: 36.382157
... B32: 連江縣 | D32: 20.841446 | E32: 100 | F32: 80.268027 | G32: 1.816347 | H32: 0 | I32: 17.915626
A33: 是否為直轄市 | C33: ***
B34: 直轄市 | D34: 23835.7 | E34: 100 | F34: 59.973803 | G34: 5.698078 | H34: 1.4993142 | I34: 32.828805
B35: 非直轄市 | D35: 10400.3 | E35: 100 | F35: 59.822828 | G35: 5.3200542 | H35: 1.2326772 | I35: 33.624441
A36: 性別 | C36: ***
B37: 男 | D37: 16749.695 | E37: 100 | F37: 66.639842 | G37: 5.7460685 | H37: 1.6170449 | I37: 25.997045
B38: 女 | D38: 17486.305 | E38: 100 | F38: 53.498776 | G38: 5.4272724 | H38: 1.2279556 | I38: 39.845996
A39: 年齡 | C39: ***
B40: 15-未滿18歲 | D40: 990.8975 | E40: 100 | F40: 3.6774639 | G40: 87.198446 | H40: 6.6825467 | I40: 2.4415433
B41: 18-未滿20歲 | D41: 687.19909 | E41: 100 | F41: 19.928688 | G41: 58.660015 | H41: 12.216044 | I41: 9.1952528
B42: 20-未滿30歲 | D42: 4595.9785 | E42: 100 | F42: 70.575117 | G42: 13.389983 | H42: 6.7426218 | I42: 9.2922776
B43: 30-未滿40歲 | D43: 5316.029 | E43: 100 | F43: 89.146398 | G43: 0.037001856 | H43: 0.13329489 | I43: 10.683305
B44: 40-未滿50歲 | D44: 6474.5931 | E44: 100 | F44: 85.348829 | G44: 0.17160994 | H44: 0.1531101 | I44: 14.326451
B45: 50-未滿60歲 | D45: 5835.4026 | E45: 100 | F45: 72.452075 | G45: 0.10037027 | H45: 0.061673903 | I45: 27.385881
B46: 60-未滿65歲 | D46: 2922.4243 | E46: 100 | F46: 48.825085 | G46: 0.071725265 | H46: 0.15930563 | I46: 50.943884
B47: 65歲及以上 | D47: 7413.4759 | E47: 100 | F47: 15.918825 | G47: 0.10640215 | H47: 0.0035774108 | I47: 83.971195
A49: 教育程度 | C49: ***
B50: 小學及以下 | D50: 3395.0961 | E50: 100 | F50: 14.765533 | G50: 0.14374709 | H50: 0 | I50: 85.09072
B51: 國(初)中 | D51: 3014.9642 | E51: 100 | F51: 43.066385 | G51: 4.4392616 | H51: 0.04484318 | I51: 52.449511
B52: 高中(職) | D52: 9553.0689 | E52: 100 | F52: 56.926658 | G52: 8.7263939 | H52: 0.96733298 | I52: 33.379615
B53: 專科 | D53: 3577.905 | E53: 100 | F53: 64.149117 | G53: 1.640835 | H53: 0.87831242 | I53: 33.331736
B54: 大學 | D54: 11326.639 | E54: 100 | F54: 72.435959 | G54: 7.0712984 | H54: 2.8791631 | I54: 17.61358
B55: 研究所及以上 | D55: 3288.1951 | E55: 100 | F55: 83.960348 | G55: 2.4143691 | H55: 1.0269202 | I55: 12.598363
B56: 不知道/無意見 | D56: 80.131938 | E56: 100 | F56: 22.977717 | G56: 0.10024363 | H56: 0.63325082 | I56: 76.288788
A57: 職業 | C57: ***
B58: 農林漁牧 | D58: 858.63852 | E58: 100 | F58: 99.441261 | G58: 0 | H58: 0.55873872 | I58: 0
B59: 工業 | D59: 6378.5061 | E59: 100 | F59: 99.416144 | G59: 0 | H59: 0.58385592 | I59: 0
B60: 批發及零售業 | D60: 1425.9673 | E60: 100 | F60: 99.441344 | G60: 0 | H60: 0.55865615 | I60: 0
B61: 住宿及餐飲業 | D61: 947.6489 | E61: 100 | F61: 89.791763 | G61: 0 | H61: 10.208237 | I61: 0
B62: 服務事業 | D62: 9521.6255 | E62: 100 | F62: 97.428578 | G62: 0 | H62: 2.5714217 | I62: 0
B63: 軍公教 | D63: 1722.5891 | E63: 100 | F63: 99.680962 | G63: 0 | H63: 0.31903764 | I63: 0
B64: 學生(部分工時就業) | D64: 83.971673 | E64: 100 | F64: 0 | G64: 0 | H64: 100 | I64: 0
B65: 料理家事 | D65: 3838.787 | E65: 100 | F65: 0 | G65: 0 | H65: 0 | I65: 100
B66: 退休人員 | D66: 5782.265 | E66: 100 | F66: 0 | G66: 0 | H66: 0 | I66: 100
B67: 學生 | D67: 1911.4784 | E67: 100 | F67: 0 | G67: 100 | H67: 0 | I67: 0
B68: 未就業者 | D68: 1692.5752 | E68: 100 | F68: 0 | G68: 0 | H68: 0 | I68: 100
B69: 不知道/無意見 | D69: 71.947398 | E69: 100 | F69: 82.051757 | G69: 0 | H69: 6.285557 | I69: 11.662686
A71: 年度別 | C71: ***
B72: 98年度 | D72: 24971 | E72: 100 | F72: 54.607618 | G72: 9.7266289 | H72: 1.5462747 | I72: 34.119479
B73: 99年度 | D73: 38733 | E73: 100 | F73: 56.887004 | G73: 9.6826871 | H73: 1.5607088 | I73: 31.8696
B74: 100年度 | D74: 39900 | E74: 100 | F74: 56.582992 | G74: 9.3944714 | H74: 1.8058906 | I74: 32.216646
B75: 101年度 | D75: 39907 | E75: 100 | F75: 56.710162 | G75: 9.4391451 | H75: 1.7800661 | I75: 32.070627
B76: 102年度 | D76: 38268 | E76: 100 | F76: 57.529523 | G76: 9.0261134 | H76: 1.6736296 | I76: 31.770734
B77: 103年度 | D77: 38273 | E77: 100 | F77: 58.634765 | G77: 8.3990682 | H77: 1.6162728 | I77: 31.349894
B78: 104年度 | D78: 39101 | E78: 100 | F78: 57.770751 | G78: 8.4560491 | H78: 1.4627638 | I78: 32.310436
B79: 105年度 | D79: 40246 | E79: 100 | F79: 57.649361 | G79: 8.4148766 | H79: 1.6024835 | I79: 32.333279
B80: 109年度 | D80: 37337 | E80: 100 | F80: 58.921288 | G80: 6.6335852 | H80: 1.7361906 | I80: 32.708936
B81: 111年度 | D81: 37792 | E81: 100 | F81: 57.684865 | G81: 5.6236493 | H81: 2.0597362 | I81: 34.63175
B82: 113年度 | D82: =D$9 -> 34236 | E82: =E$9 -> 100 | F82: =F$9 -> 59.927939 | G82: =G$9 -> 5.5832409 | H82: =H$9 -> 1.4183145 | I82: =I$9 -> 33.070505

Sheet B06
A1: 附表6 通勤地點與住家地點關係
A2: 《平日市話及手機》
A3: 調查對象為目前有在工作民眾，以人的角度做分析。
I4: 單位：人；%
A5: 項目別 | D5: 樣本數 | E5: 總計
F6: 同縣市 | I6: 跨縣市
G7: 同鄉鎮市 | H7: 跨鄉鎮市
A9: 全體 | D9: 21002.503 | E9: 100 | F9: 83.093519 | G9: 49.216293 | H9: 33.877226 | I9: 16.906481
A10: 居住縣市 | C10: ***
B11: 新北市 | D11: 3753.7609 | E11: 100 | F11: 62.993748 | G11: 40.85666 | H11: 22.137087 | I11: 37.006252
B12: 臺北市 | D12: 2097.983 | E12: 100 | F12: 86.152611 | G12: 40.98212 | H12: 45.170492 | I12: 13.847389
B13: 桃園市 | D13: 2081.7643 | E13: 100 | F13: 81.225619 | G13: 51.524965 | H13: 29.700654 | I13: 18.774381
B14: 臺中市 | D14: 2518.3985 | E14: 100 | F14: 92.824302 | G14: 52.070984 | H14: 40.753318 | I14: 7.1756979
B15: 臺南市 | D15: 1725.2939 | E15: 100 | F15: 96.630851 | G15: 47.049012 | H15: 49.581839 | I15: 3.3691493
B16: 高雄市 | D16: 2475.347 | E16: 100 | F16: 92.031185 | G16: 44.246308 | H16: 47.784877 | I16: 7.9688145
B17: 宜蘭縣 | D17: 397.64651 | E17: 100 | F17: 91.466979 | G17: 50.473236 | H17: 40.993743 | I17: 8.5330213
B18: 新竹縣 | D18: 521.80656 | E18: 100 | F18: 72.296591 | G18: 50.899525 | H18: 21.397067 | I18: 27.703409
B19: 苗栗縣 | D19: 471.52612 | E19: 100 | F19: 77.752082 | G19: 49.822972 | H19: 27.92911 | I19: 22.247918
B20: 彰化縣 | D20: 1128.9488 | E20: 100 | F20: 86.770711 | G20: 56.951406 | H20: 29.819305 | I20: 13.229289
B21: 南投縣 | D21: 426.89428 | E21: 100 | F21: 86.130082 | G21: 70.188907 | H21: 15.941175 | I21: 13.869918
B22: 雲林縣 | D22: 564.02524 | E22: 100 | F22: 90.3147 | G22: 65.166787 | H22: 25.147913 | I22: 9.6853002
... B32: 連江縣 | D32: 16.729018 | E32: 100 | F32: 100 | G32: 100 | H32: 0 | I32: 0
A33: 是否為直轄市 | C33: ***
B34: 直轄市 | D34: 14652.548 | E34: 100 | F34: 82.893237 | G34: 45.619547 | H34: 37.273689 | I34: 17.106763
B35: 非直轄市 | D35: 6349.9559 | E35: 100 | F35: 83.555672 | G35: 57.515797 | H35: 26.039875 | I35: 16.444328
A36: 性別 | C36: ***
B37: 男 | D37: 11432.82 | E37: 100 | F37: 81.393442 | G37: 46.986768 | H37: 34.406674 | I37: 18.606558
B38: 女 | D38: 9569.6833 | E38: 100 | F38: 85.124587 | G38: 51.879887 | H38: 33.2447 | I38: 14.875413
A39: 年齡 | C39: ***
B40: 15-未滿18歲 | D40: 102.65709 | E40: 100 | F40: 90.74428 | G40: 81.419576 | H40: 9.3247038 | I40: 9.25572
B41: 18-未滿20歲 | D41: 220.89831 | E41: 100 | F41: 82.013679 | G41: 55.371822 | H41: 26.641858 | I41: 17.986321
B42: 20-未滿30歲 | D42: 3553.5067 | E42: 100 | F42: 84.99171 | G42: 48.443016 | H42: 36.548694 | I42: 15.00829
B43: 30-未滿40歲 | D43: 4746.1344 | E43: 100 | F43: 81.095252 | G43: 46.16451 | H43: 34.930742 | I43: 18.904748
B44: 40-未滿50歲 | D44: 5535.9027 | E44: 100 | F44: 83.033148 | G44: 47.471055 | H44: 35.562093 | I44: 16.966852
B45: 50-未滿60歲 | D45: 4231.4692 | E45: 100 | F45: 82.085683 | G45: 47.29335 | H45: 34.792333 | I45: 17.914317
B46: 60-未滿65歲 | D46: 1431.5317 | E46: 100 | F46: 84.355547 | G46: 56.836811 | H46: 27.518736 | I46: 15.644453
B47: 65歲及以上 | D47: 1180.4035 | E47: 100 | F47: 87.315929 | G47: 65.698537 | H47: 21.617392 | I47: 12.684071
A49: 教育程度
B50: 小學及以下 | D50: 501.30404 | E50: 100 | F50: 88.223963 | G50: 72.867229 | H50: 15.356734 | I50: 11.776037
B51: 國(初)中 | D51: 1299.7881 | E51: 100 | F51: 87.534971 | G51: 60.946879 | H51: 26.588093 | I51: 12.465029
B52: 高中(職) | D52: 5530.6529 | E52: 100 | F52: 87.761133 | G52: 54.217434 | H52: 33.543699 | I52: 12.238867
B53: 專科 | D53: 2326.6196 | E53: 100 | F53: 82.866074 | G53: 50.319362 | H53: 32.546712 | I53: 17.133926
B54: 大學 | D54: 8530.6718 | E54: 100 | F54: 81.729193 | G54: 45.951493 | H54: 35.7777 | I54: 18.270807
B55: 研究所及以上 | D55: 2794.5472 | E55: 100 | F55: 75.203939 | G55: 38.563427 | H55: 36.640512 | I55: 24.796061
B56: 不知道/無意見 | D56: 18.919926 | E56: 100 | F56: 86.042403 | G56: 64.612211 | H56: 21.430192 | I56: 13.957597
A57: 職業
B58: 農林漁牧 | D58: 858.63852 | E58: 100 | F58: 97.444828 | G58: 85.461071 | H58: 11.983757 | I58: 2.5551725
B59: 工業 | D59: 6378.5061 | E59: 100 | F59: 81.302703 | G59: 44.390906 | H59: 36.911797 | I59: 18.697297
B60: 批發及零售業 | D60: 1425.9673 | E60: 100 | F60: 86.539032 | G60: 55.398516 | H60: 31.140515 | I60: 13.460968
B61: 住宿及餐飲業 | D61: 947.6489 | E61: 100 | F61: 87.203235 | G61: 58.205485 | H61: 28.997751 | I61: 12.796765
B62: 服務事業 | D62: 9521.6255 | E62: 100 | F62: 82.649935 | G62: 48.553093 | H62: 34.096842 | I62: 17.350065
B63: 軍公教 | D63: 1722.5891 | E63: 100 | F63: 79.876774 | G63: 43.015249 | H63: 36.861524 | I63: 20.123226
B64: 學生(部分工時就業) | D64: 83.971673 | E64: 100 | F64: 82.147878 | G64: 55.096273 | H64: 27.051605 | I64: 17.852122
B65: 不知道/無意見 | D65: 63.556399 | E65: 100 | F65: 85.242418 | G65: 30.74749 | H65: 54.494927 | I65: 14.757582
A68: 年度別
B69: 98年度 | D69: 14022.188 | E69: 100 | F69: 84.567511 | G69: 51.594532 | H69: 32.97298 | I69: 15.432489
B70: 99年度 | D70: 22638.553 | E70: 100 | F70: 85.119412 | G70: 52.419509 | H70: 32.699902 | I70: 14.880588
B71: 100年度 | D71: 23297.164 | E71: 100 | F71: 85.327876 | G71: 51.194448 | H71: 34.133428 | I71: 14.672124
B72: 101年度 | D72: 23341.695 | E72: 100 | F72: 85.511239 | G72: 50.612833 | H72: 34.898406 | I72: 14.488761
B73: 102年度 | D73: 22655.862 | E73: 100 | F73: 85.565003 | G73: 51.597381 | H73: 33.967622 | I73: 14.434997
B74: 103年度 | D74: 23059.88 | E74: 100 | F74: 85.316028 | G74: 51.598954 | H74: 33.717074 | I74: 14.683972
B75: 104年度 | D75: 23160.897 | E75: 100 | F75: 85.005448 | G75: 52.095959 | H75: 32.90949 | I75: 14.994552
B76: 105年度 | D76: 23846.497 | E76: 100 | F76: 84.819461 | G76: 50.601757 | H76: 34.217704 | I76: 15.180539
B77: 109年度 | D77: 22647.683 | E77: 100 | F77: 84.921381 | G77: 51.563095 | H77: 33.358286 | I77: 15.078619
B78: 111年度 | D78: 22578.679 | E78: 100 | F78: 84.10021 | G78: 52.059192 | H78: 32.041018 | I78: 15.89979
B79: 113年度 | D79: =D$9 -> 21002.503 | E79: =E$9 -> 100 | F79: =F$9 -> 83.093519 | G79: =G$9 -> 49.216293 | H79: =H$9 -> 33.877226 | I79: =I$9 -> 16.906481

Sheet B07
A1: 附表7 通學地點與住家地點關係
A2: 《平日市話及手機》
A3: 調查對象為目前有在上學民眾，以人的角度做分析。
I4: 單位：人；%
A5: 項目別 | D5: 樣本數 | E5: 總計
F6: 同縣市 | I6: 跨縣市
G7: 同鄉鎮市 | H7: 跨鄉鎮市
A9: 全體 | D9: 2397.0525 | E9: 100 | F9: 83.513703 | G9: 51.156716 | H9: 32.356987 | I9: 16.486297
A10: 居住縣市 | C10: ***
B11: 新北市 | D11: 358.92526 | E11: 100 | F11: 58.976815 | G11: 34.277928 | H11: 24.698887 | I11: 41.023185
B12: 臺北市 | D12: 275.83628 | E12: 100 | F12: 87.020348 | G12: 57.23262 | H12: 29.787729 | I12: 12.979652
B13: 桃園市 | D13: 256.04677 | E13: 100 | F13: 87.294408 | G13: 52.895849 | H13: 34.398559 | I13: 12.705592
B14: 臺中市 | D14: 338.64281 | E14: 100 | F14: 95.641559 | G14: 57.695126 | H14: 37.946432 | I14: 4.3584413
B15: 臺南市 | D15: 189.19621 | E15: 100 | F15: 94.46706 | G15: 55.349636 | H15: 39.117424 | I15: 5.53294
B16: 高雄市 | D16: 296.90145 | E16: 100 | F16: 95.819356 | G16: 51.919129 | H16: 43.900227 | I16: 4.180644
B17: 宜蘭縣 | D17: 39.541124 | E17: 100 | F17: 90.25648 | G17: 47.053221 | H17: 43.203258 | I17: 9.7435204
B18: 新竹縣 | D18: 72.445394 | E18: 100 | F18: 59.50212 | G18: 40.631933 | H18: 18.870186 | I18: 40.49788
B19: 苗栗縣 | D19: 46.567543 | E19: 100 | F19: 88.4515 | G19: 54.068706 | H19: 34.382794 | I19: 11.5485
B20: 彰化縣 | D20: 103.87589 | E20: 100 | F20: 64.546814 | G20: 24.178123 | H20: 40.368692 | I20: 35.453186
B21: 南投縣 | D21: 40.240422 | E21: 100 | F21: 84.903665 | G21: 63.083784 | H21: 21.819881 | I21: 15.096335
B22: 雲林縣 | D22: 66.484474 | E22: 100 | F22: 85.691771 | G22: 60.639855 | H22: 25.051916 | I22: 14.308229
... B32: 連江縣 | D32: 0.37855299 | E32: 100 | F32: 100 | G32: 56.974637 | H32: 43.025363 | I32: 0
A33: 是否為直轄市 | C33: ***
B34: 直轄市 | D34: 1715.5488 | E34: 100 | F34: 85.239856 | G34: 50.746854 | H34: 34.493002 | I34: 14.760144
B35: 非直轄市 | D35: 681.50374 | E35: 100 | F35: 79.168461 | G35: 52.18846 | H35: 26.980001 | I35: 20.831539
A36: 性別 | C36: ***
B37: 男 | D37: 1233.299 | E37: 100 | F37: 87.831103 | G37: 53.534076 | H37: 34.297028 | I37: 12.168897
B38: 女 | D38: 1163.7535 | E38: 100 | F38: 78.938297 | G38: 48.637286 | H38: 30.301011 | I38: 21.061703
A39: 年齡 | C39: ***
B40: 15-未滿18歲 | D40: 930.26441 | E40: 100 | F40: 84.961039 | G40: 46.292696 | H40: 38.668343 | I40: 15.038961
B41: 18-未滿20歲 | D41: 487.05963 | E41: 100 | F41: 83.937742 | G41: 52.863234 | H41: 31.074508 | I41: 16.062258
B42: 20-未滿30歲 | D42: 925.29021 | E42: 100 | F42: 81.666628 | G42: 55.444424 | H42: 26.222204 | I42: 18.333372
B43: 30-未滿40歲 | D43: 9.0530246 | E43: 100 | F43: 74.234179 | G43: 42.551722 | H43: 31.682458 | I43: 25.765821
B44: 40-未滿50歲 | D44: 21.024301 | E44: 100 | F44: 78.547384 | G44: 19.49004 | H44: 59.057344 | I44: 21.452616
B45: 50-未滿60歲 | D45: 9.4559299 | E45: 100 | F45: 93.965942 | G45: 52.270321 | H45: 41.695621 | I45: 6.0340582
B46: 60-未滿65歲 | D46: 6.751703 | E46: 100 | F46: 100 | G46: 67.111502 | H46: 32.888498 | I46: 0
B47: 65歲及以上 | D47: 8.153308 | E47: 100 | F47: 100 | G47: 94.291674 | H47: 5.7083263 | I47: 0
A49: 教育程度 | C49: ***
B50: 小學及以下 | D50: 4.8803517 | E50: 100 | F50: 100 | G50: 95.897695 | H50: 4.1023054 | I50: 0
B51: 國(初)中 | D51: 135.19415 | E51: 100 | F51: 96.581484 | G51: 81.719364 | H51: 14.86212 | I51: 3.4185161
B52: 高中(職) | D52: 926.04841 | E52: 100 | F52: 83.602587 | G52: 40.271523 | H52: 43.331065 | I52: 16.397413
B53: 專科 | D53: 90.132701 | E53: 100 | F53: 75.529316 | G53: 51.217154 | H53: 24.312162 | I53: 24.470684
B54: 大學 | D54: 1127.0528 | E54: 100 | F54: 84.246708 | G54: 57.620548 | H54: 26.62616 | I54: 15.753292
B55: 研究所及以上 | D55: 113.1563 | E55: 100 | F55: 65.435803 | G55: 37.631292 | H55: 27.804511 | I55: 34.564197
B56: 不知道/無意見 | D56: 0.58776332 | E56: 100 | F56: 100 | G56: 0 | H56: 100 | I56: 0
A57: 職業 | C57: ***
B58: 農林漁牧 | D58: 4.7975459 | E58: 100 | F58: 94.300282 | G58: 23.45038 | H58: 70.849902 | I58: 5.6997182
B59: 工業 | D59: 37.241285 | E59: 100 | F59: 74.159027 | G59: 34.171764 | H59: 39.987263 | I59: 25.840973
B60: 批發及零售業 | D60: 7.9662537 | E60: 100 | F60: 71.517545 | G60: 61.969043 | H60: 9.5485013 | I60: 28.482455
B61: 住宿及餐飲業 | D61: 96.738248 | E61: 100 | F61: 89.632044 | G61: 52.033172 | H61: 37.598872 | I61: 10.367956
B62: 服務事業 | D62: 244.84114 | E62: 100 | F62: 75.503826 | G62: 42.438017 | H62: 33.065809 | I62: 24.496174
B63: 軍公教 | D63: 5.4957077 | E63: 100 | F63: 59.1752 | G63: 45.987721 | H63: 13.187479 | I63: 40.8248
B64: 學生(部分工時就業) | D64: 83.971673 | E64: 100 | F64: 81.777812 | G64: 36.169634 | H64: 45.608178 | I64: 18.222188
B65: 料理家事 | D65: 0 | E65: 0 | F65: 0 | G65: 0 | H65: 0 | I65: 0
B66: 退休人員 | D66: 0 | E66: 0 | F66: 0 | G66: 0 | H66: 0 | I66: 0
B67: 學生 | D67: 1911.4784 | E67: 100 | F67: 84.542453 | G67: 53.142223 | H67: 31.40023 | I67: 15.457547
B68: 未就業者 | D68: 0 | E68: 0 | F68: 0 | G68: 0 | H68: 0 | I68: 0
B69: 不知道/無意見 | D69: 4.5222947 | E69: 100 | F69: 100 | G69: 100 | H69: 0 | I69: 0
A72: 年度別 | C72: ***
B73: 98年度 | D73: 2814.9568 | E73: 100 | F73: 79.583125 | G73: 33.521507 | H73: 46.061618 | I73: 20.416875
B74: 99年度 | D74: 4354.9045 | E74: 100 | F74: 80.493433 | G74: 34.786783 | H74: 45.70665 | I74: 19.506567
B75: 100年度 | D75: 4468.9445 | E75: 100 | F75: 80.460071 | G75: 36.256233 | H75: 44.203838 | I75: 19.539929
B76: 101年度 | D76: 4477.2506 | E76: 100 | F76: 83.576757 | G76: 37.912883 | H76: 45.663874 | I76: 16.423243
B77: 102年度 | D77: 4094.5776 | E77: 100 | F77: 83.140606 | G77: 41.153576 | H77: 41.98703 | I77: 16.859394
B78: 103年度 | D78: 3833.1715 | E78: 100 | F78: 84.466079 | G78: 42.442324 | H78: 42.023755 | I78: 15.533921
B79: 104年度 | D79: 3878.355 | E79: 100 | F79: 84.10246 | G79: 43.481663 | H79: 40.620797 | I79: 15.89754
B80: 105年度 | D80: 4031.5868 | E80: 100 | F80: 82.847262 | G80: 42.120815 | H80: 40.726447 | I80: 17.152738
B81: 109年度 | D81: 3125.0232 | E81: 100 | F81: 84.716316 | G81: 50.189785 | H81: 34.526531 | I81: 15.283684
B82: 111年度 | D82: 2903.705 | E82: 100 | F82: 85.057762 | G82: 48.324696 | H82: 36.733066 | I82: 14.942238
B83: 113年度 | D83: =D$9 -> 2397.0525 | E83: =E$9 -> 100 | F83: =F$9 -> 83.513703 | G83: =G$9 -> 51.156716 | H83: =H$9 -> 32.356987 | I83: =I$9 -> 16.486297

Sheet C
B15: Ｃ.外出民眾運具次數市占率

Sheet C08
A1: 附表8 外出民眾運具次數市占率─按運具類別分
A2: 《平日市話及手機》
A3: 調查對象為昨天有外出民眾，以運具次數角度做分析。
H4: 單位：運具次數；%
A5: 項目別 | D5: 樣本數 | E5: 總計
F6: 公共 運輸工具 | G6: 非機動 運輸工具 | H6: 私人機動 運輸工具
A9: 全體 | D9: 70610.93 | E9: 100 | F9: 15.205768 | G9: 12.801645 | H9: 71.992587
A10: 居住縣市 | C10: ***
B11: 新北市 | D11: 11825.78 | E11: 100 | F11: 29.022313 | G11: 16.180043 | H11: 54.797644
B12: 臺北市 | D12: 7971.3183 | E12: 100 | F12: 38.331318 | G12: 24.710046 | H12: 36.958636
B13: 桃園市 | D13: 7305.4333 | E13: 100 | F13: 12.943646 | G13: 14.005143 | H13: 73.051211
B14: 臺中市 | D14: 7339.5437 | E14: 100 | F14: 9.0082473 | G14: 9.3891125 | H14: 81.60264
B15: 臺南市 | D15: 6151.9164 | E15: 100 | F15: 4.9273885 | G15: 9.9964492 | H15: 85.076162
B16: 高雄市 | D16: 9200.7959 | E16: 100 | F16: 10.190652 | G16: 8.6028633 | H16: 81.206485
B17: 宜蘭縣 | D17: 1500.8651 | E17: 100 | F17: 8.3201713 | G17: 11.171989 | H17: 80.50784
B18: 新竹縣 | D18: 1737.1933 | E18: 100 | F18: 6.9230858 | G18: 10.858949 | H18: 82.217966
B19: 苗栗縣 | D19: 1660.7303 | E19: 100 | F19: 6.8143924 | G19: 9.5460152 | H19: 83.639592
B20: 彰化縣 | D20: 3032.284 | E20: 100 | F20: 3.4478565 | G20: 7.4566209 | H20: 89.095523
B21: 南投縣 | D21: 1486.6441 | E21: 100 | F21: 3.325239 | G21: 9.4733741 | H21: 87.201387
B22: 雲林縣 | D22: 2042.8752 | E22: 100 | F22: 3.8018243 | G22: 9.7626788 | H22: 86.435497
... B32: 連江縣 | D32: 30.505973 | E32: 100 | F32: 9.9172226 | G32: 15.81549 | H32: 74.267288
A33: 是否為直轄市 | C33: ***
B34: 直轄市 | D34: 49794.788 | E34: 100 | F34: 18.747203 | G34: 14.061496 | H34: 67.191301
B35: 非直轄市 | D35: 20816.143 | E35: 100 | F35: 6.7342169 | G35: 9.787925 | H35: 83.477858
A36: 性別 | C36: ***
B37: 男 | D37: 34519.188 | E37: 100 | F37: 11.031506 | G37: 10.781281 | H37: 78.187213
B38: 女 | D38: 36091.743 | E38: 100 | F38: 19.198152 | G38: 14.733979 | H38: 66.067868
A39: 年齡 | C39: ***
B40: 15-未滿18歲 | D40: 2212.2927 | E40: 100 | F40: 43.154489 | G40: 30.567669 | H40: 26.277841
B41: 18-未滿20歲 | D41: 1244.5921 | E41: 100 | F41: 27.399422 | G41: 14.491152 | H41: 58.109426
B42: 20-未滿30歲 | D42: 9701.8898 | E42: 100 | F42: 17.747568 | G42: 9.3151944 | H42: 72.937237
B43: 30-未滿40歲 | D43: 12380.778 | E43: 100 | F43: 12.864226 | G43: 7.3100272 | H43: 79.825747
B44: 40-未滿50歲 | D44: 15486.216 | E44: 100 | F44: 11.010597 | G44: 7.7829253 | H44: 81.206478
B45: 50-未滿60歲 | D45: 12901.869 | E45: 100 | F45: 11.818981 | G45: 9.640612 | H45: 78.540407
B46: 60-未滿65歲 | D46: 5681.6279 | E46: 100 | F46: 12.848816 | G46: 14.4996 | H46: 72.651584
B47: 65歲及以上 | D47: 11001.665 | E47: 100 | F47: 19.693951 | G47: 28.187164 | H47: 52.118885
A49: 教育程度 | C49: ***
B50: 小學及以下 | D50: 3786.5522 | E50: 100 | F50: 12.806226 | G50: 36.221089 | H50: 50.972685
B51: 國(初)中 | D51: 4923.441 | E51: 100 | F51: 10.327877 | G51: 15.628747 | H51: 74.043377
B52: 高中(職) | D52: 18441.555 | E52: 100 | F52: 13.352754 | G52: 11.748445 | H52: 74.898801
B53: 專科 | D53: 7922.0578 | E53: 100 | F53: 13.33243 | G53: 12.233717 | H53: 74.433853
B54: 大學 | D54: 26294.605 | E54: 100 | F54: 16.717873 | G54: 10.969583 | H54: 72.312544
B55: 研究所及以上 | D55: 9180.3552 | E55: 100 | F55: 19.883893 | G55: 9.4147028 | H55: 70.701404
B56: 不知道/無意見 | D56: 62.364154 | E56: 100 | F56: 5.7140495 | G56: 22.269641 | H56: 72.016309
A57: 職業 | C57: ***
B58: 農林漁牧 | D58: 1878.5858 | E58: 100 | F58: 1.6782607 | G58: 8.234473 | H58: 90.087266
B59: 工業 | D59: 15119.963 | E59: 100 | F59: 8.3469472 | G59: 4.4181409 | H59: 87.234912
B60: 批發及零售業 | D60: 3209.3125 | E60: 100 | F60: 11.519396 | G60: 8.0536811 | H60: 80.426922
B61: 住宿及餐飲業 | D61: 1980.8074 | E61: 100 | F61: 7.3743836 | G61: 5.316977 | H61: 87.308639
B62: 服務事業 | D62: 22814.892 | E62: 100 | F62: 16.759791 | G62: 9.2549395 | H62: 73.985269
B63: 軍公教 | D63: 4158.5921 | E63: 100 | F63: 13.768021 | G63: 7.4083385 | H63: 78.823641
B64: 學生(部分工時就業) | D64: 174.31089 | E64: 100 | F64: 24.116534 | G64: 10.239718 | H64: 65.643748
B65: 料理家事 | D65: 6245.5691 | E65: 100 | F65: 16.491023 | G65: 22.254308 | H65: 61.254669
B66: 退休人員 | D66: 8794.4337 | E66: 100 | F66: 18.059645 | G66: 29.414662 | H66: 52.525693
B67: 學生 | D67: 4247.7761 | E67: 100 | F67: 38.867821 | G67: 24.279766 | H67: 36.852413
B68: 未就業者 | D68: 1862.2946 | E68: 100 | F68: 11.223282 | G68: 21.721324 | H68: 67.055394
B69: 不知道/無意見 | D69: 124.39373 | E69: 100 | F69: 8.8695598 | G69: 2.2498032 | H69: 88.880637
A70: 外出目的 | C70: ***
B71: 通勤 | D71: 31607 | E71: 100 | F71: 13.606961 | G71: 6.2902719 | H71: 80.102767
B72: 通學 | D72: 3606.8269 | E72: 100 | F72: 38.165368 | G72: 24.897664 | H72: 36.936968
B73: 公(商)務 | D73: 3348.0547 | E73: 100 | F73: 13.903589 | G73: 2.7532791 | H73: 83.343132
B74: 購物 | D74: 11328.844 | E74: 100 | F74: 6.5640602 | G74: 17.349131 | H74: 76.086809
B75: 家庭及個人活動 | D75: 11810.022 | E75: 100 | F75: 17.32254 | G75: 9.8973776 | H75: 72.780082
B76: 休閒 | D76: 8910.1833 | E76: 100 | F76: 20.254302 | G76: 32.846227 | H76: 46.89947
A77: 出發時間 | C77: ***
B78: 7時以前 | D78: 4683.79 | E78: 100 | F78: 19.486986 | G78: 17.117371 | H78: 63.395643
B79: 7時-未滿9時 | D79: 17142.863 | E79: 100 | F79: 13.795959 | G79: 11.320499 | H79: 74.883543
B80: 9時-未滿11時 | D80: 7721.1326 | E80: 100 | F80: 14.645108 | G80: 15.771235 | H80: 69.583657
B81: 11時-未滿13時 | D81: 5848.772 | E81: 100 | F81: 13.705545 | G81: 16.145031 | H81: 70.149424
B82: 13時-未滿15時 | D82: 3827.1054 | E82: 100 | F82: 18.028317 | G82: 12.511041 | H82: 69.460642
B83: 15時-未滿17時 | D83: 6544.4596 | E83: 100 | F83: 16.575997 | G83: 14.211428 | H83: 69.212575
B84: 17時-未滿19時 | D84: 15609.162 | E84: 100 | F84: 15.594676 | G84: 9.7666942 | H84: 74.63863
B85: 19時-未滿22時 | D85: 7146.8428 | E85: 100 | F85: 14.87963 | G85: 12.746302 | H85: 72.374068
B86: 22時以後 | D86: 1190.8025 | E86: 100 | F86: 14.27999 | G86: 9.134319 | H86: 76.585691
B87: 拒答 | D87: 896.0008 | E87: 100 | F87: 9.4159927 | G87: 20.296467 | H87: 70.28754
A90: 年度別 | C90: ***
B91: 98年度 | D91: 51584.02 | E91: 100 | F91: 16.280609 | G91: 12.327537 | H91: 71.391854
B92: 99年度 | D92: 82437.596 | E92: 100 | F92: 16.628927 | G92: 12.139913 | H92: 71.23116
B93: 100年度 | D93: 82848.941 | E93: 100 | F93: 17.479405 | G93: 10.880159 | H93: 71.640436
B94: 101年度 | D94: 82720.677 | E94: 100 | F94: 17.49447 | G94: 11.780346 | H94: 70.725184
B95: 102年度 | D95: 78529.518 | E95: 100 | F95: 17.804581 | G95: 11.78012 | H95: 70.415299
B96: 103年度 | D96: 81532.156 | E96: 100 | F96: 17.853988 | G96: 11.31842 | H96: 70.827592
B97: 104年度 | D97: 80971.411 | E97: 100 | F97: 17.948433 | G97: 10.735394 | H97: 71.316174
B98: 105年度 | D98: 82778.835 | E98: 100 | F98: 18.126402 | G98: 11.230207 | H98: 70.64339
B99: 109年度 | D99: 75783.37 | E99: 100 | F99: 15.965485 | G99: 11.721092 | H99: 72.313423
B100: 111年度 | D100: 74147.463 | E100: 100 | F100: 14.272804 | G100: 13.383618 | H100: 72.343578
B101: 113年度 | D101: =D$9 -> 70610.93 | E101: =E$9 -> 100 | F101: =F$9 -> 15.205768 | G101: =G$9 -> 12.801645 | H101: =H$9 -> 71.992587

Sheet C09
A1: 附表9 外出民眾運具次數市占率─按性別分
A2: 《平日市話及手機》
A3: 調查對象為昨天有外出民眾，以運具次數角度做分析。
M4: 單位：運具次數；%
A5: 項目別 | D5: 男性 | I5: 女性
D6: 樣本數 | E6: 總計 | I6: 樣本數 | J6: 總計
F7: 公共 運輸 | G7: 非機動 運具 | H7: 私人機動運具 | K7: 公共 運輸 | L7: 非機動 運具 | M7: 私人機動運具
A9: 全體 | D9: 34519.188 | E9: 100 | F9: 11.031506 | G9: 10.781281 | H9: 78.187213 | I9: 36091.743 | J9: 100 | K9: 19.198152 | L9: 14.733979 | M9: 66.067868
A10: 居住縣市
B11: 新北市 | D11: 5745.1116 | E11: 100 | F11: 18.022899 | G11: 10.299361 | H11: 71.677739 | I11: 6080.6684 | J11: 100 | K11: 39.414732 | L11: 21.736203 | M11: 38.849064
B12: 臺北市 | D12: 3585.7862 | E12: 100 | F12: 28.335742 | G12: 19.954017 | H12: 51.710241 | I12: 4385.5321 | J12: 100 | K12: 46.504099 | L12: 28.598766 | M12: 24.897135
B13: 桃園市 | D13: 3431.2778 | E13: 100 | F13: 6.6166673 | G13: 10.258302 | H13: 83.125031 | I13: 3874.1555 | J13: 100 | K13: 18.54735 | L13: 17.323661 | M13: 64.128989
B14: 臺中市 | D14: 3775.949 | E14: 100 | F14: 8.8052521 | G14: 8.9269017 | H14: 82.267846 | I14: 3563.5947 | J14: 100 | K14: 9.2233391 | L14: 9.8788664 | M14: 80.897795
B15: 臺南市 | D15: 2969.547 | E15: 100 | F15: 3.0855791 | G15: 9.3025519 | H15: 87.611869 | I15: 3182.3693 | J15: 100 | K15: 6.6460261 | L15: 10.643942 | M15: 82.710032
B16: 高雄市 | D16: 4586.6522 | E16: 100 | F16: 12.00996 | G16: 8.6737585 | H16: 79.316281 | I16: 4614.1437 | J16: 100 | K16: 8.3821828 | L16: 8.5323906 | M16: 83.085427
B17: 宜蘭縣 | D17: 689.65949 | E17: 100 | F17: 5.255287 | G17: 14.59442 | H17: 80.150293 | I17: 811.20557 | J17: 100 | K17: 10.925832 | L17: 8.2623543 | M17: 80.811814
B18: 新竹縣 | D18: 838.18412 | E18: 100 | F18: 6.4556988 | G18: 12.78212 | H18: 80.762181 | I18: 899.0092 | J18: 100 | K18: 7.3588504 | L18: 9.0658946 | M18: 83.575255
B19: 苗栗縣 | D19: 832.96832 | E19: 100 | F19: 8.3074176 | G19: 8.7139021 | H19: 82.97868 | I19: 827.76198 | J19: 100 | K19: 5.3119766 | L19: 10.383362 | M19: 84.304661
B20: 彰化縣 | D20: 1609.1897 | E20: 100 | F20: 3.1115781 | G20: 8.4607409 | H20: 88.427681 | I20: 1423.0943 | J20: 100 | K20: 3.8281094 | L20: 6.321194 | M20: 89.850697
B21: 南投縣 | D21: 795.64609 | E21: 100 | F21: 3.2062947 | G21: 7.2404928 | H21: 89.553213 | I21: 690.99801 | J21: 100 | K21: 3.4621969 | L21: 12.044414 | M21: 84.493389
B22: 雲林縣 | D22: 1029.5473 | E22: 100 | F22: 3.2878483 | G22: 11.841384 | H22: 84.870768 | I22: 1013.328 | J22: 100 | K22: 4.3240269 | L22: 7.650702 | M22: 88.025271
... B32: 連江縣 | D32: 17.393032 | E32: 100 | F32: 3.8397839 | G32: 17.20838 | H32: 78.951836 | I32: 13.112941 | J32: 100 | K32: 17.97835 | L32: 13.967956 | M32: 68.053693
A33: 是否為直轄市
B34: 直轄市 | D34: 24094.324 | E34: 100 | F34: 13.503163 | G34: 11.082955 | H34: 75.413882 | I34: 25700.464 | J34: 100 | K34: 23.663519 | L34: 16.853895 | M34: 59.482587
B35: 非直轄市 | D35: 10424.864 | E35: 100 | F35: 5.318924 | G35: 10.084042 | H35: 84.597034 | I35: 10391.279 | J35: 100 | K35: 8.1540841 | L35: 9.4908507 | M35: 82.355065
A36: 年齡
B37: 15-未滿18歲 | D37: 1111.434 | E37: 100 | F37: 39.889341 | G37: 35.417311 | H37: 24.693348 | I37: 1100.8587 | J37: 100 | K37: 46.451004 | L37: 25.67144 | M37: 27.877556
B38: 18-未滿20歲 | D38: 639.47386 | E38: 100 | F38: 24.871755 | G38: 17.089655 | H38: 58.03859 | I38: 605.11827 | J38: 100 | K38: 30.070597 | L38: 11.74512 | M38: 58.184283
B39: 20-未滿30歲 | D39: 5094.8533 | E39: 100 | F39: 15.962635 | G39: 8.0008288 | H39: 76.036536 | I39: 4607.0364 | J39: 100 | K39: 19.721499 | L39: 10.768732 | M39: 69.509769
B40: 30-未滿40歲 | D40: 6139.1807 | E40: 100 | F40: 5.9242335 | G40: 5.9907013 | H40: 88.085065 | I40: 6241.597 | J40: 100 | K40: 19.690342 | L40: 8.6077047 | M40: 71.701954
B41: 40-未滿50歲 | D41: 7519.5837 | E41: 100 | F41: 9.5577138 | G41: 5.028564 | H41: 85.413722 | I41: 7966.6319 | J41: 100 | K41: 12.381951 | L41: 10.382725 | M41: 77.235324
B42: 50-未滿60歲 | D42: 6319.4904 | E42: 100 | F42: 6.7282824 | G42: 6.9505756 | H42: 86.321142 | I42: 6582.379 | J42: 100 | K42: 16.706365 | L42: 12.223213 | M42: 71.070422
B43: 60-未滿65歲 | D43: 2644.3833 | E43: 100 | F43: 8.468301 | G43: 13.383919 | H43: 78.14778 | I43: 3037.2446 | J43: 100 | K43: 16.662721 | L43: 15.47097 | M43: 67.866309
B44: 65歲及以上 | D44: 5050.7884 | E44: 100 | F44: 13.082991 | G44: 25.183913 | H44: 61.733096 | I44: 5950.8766 | J44: 100 | K44: 25.304983 | L44: 30.736164 | M44: 43.958853
A46: 教育程度
B47: 小學及以下 | D47: 1287.032 | E47: 100 | F47: 5.27373 | G47: 31.053833 | H47: 63.672437 | I47: 2499.5202 | J47: 100 | K47: 16.684795 | L47: 38.88177 | M47: 44.433435
B48: 國(初)中 | D48: 2690.8405 | E48: 100 | F48: 6.2061509 | G48: 14.869856 | H48: 78.923993 | I48: 2232.6005 | J48: 100 | K48: 15.295585 | L48: 16.543399 | M48: 68.161017
B49: 高中(職) | D49: 9507.8827 | E49: 100 | F49: 10.468061 | G49: 10.379431 | H49: 79.152507 | I49: 8933.6722 | J49: 100 | K49: 16.422861 | L49: 13.205452 | M49: 70.371688
B50: 專科 | D50: 3655.9349 | E50: 100 | F50: 6.7800124 | G50: 11.672606 | H50: 81.547381 | I50: 4266.1229 | J50: 100 | K50: 18.947649 | L50: 12.714571 | M50: 68.33778
B51: 大學 | D51: 12250.244 | E51: 100 | F51: 11.646346 | G51: 9.2127702 | H51: 79.140884 | I51: 14044.361 | J51: 100 | K51: 21.141531 | L51: 12.50197 | M51: 66.356499
B52: 研究所及以上 | D52: 5103.0145 | E52: 100 | F52: 17.677573 | G52: 7.3755145 | H52: 74.946913 | I52: 4077.3407 | J52: 100 | K52: 22.645223 | L52: 11.966858 | M52: 65.387918
B53: 不知道/無意見 | D53: 24.2387 | E53: 100 | F53: 4.7662969 | G53: 13.393316 | H53: 81.840387 | I53: 38.125454 | J53: 100 | K53: 6.3165943 | L53: 27.912868 | M53: 65.770538
A54: 職業
B55: 農林漁牧 | D55: 1298.8679 | E55: 100 | F55: 1.1057516 | G55: 9.0088506 | H55: 89.885398 | I55: 579.71788 | J55: 100 | K55: 2.9609775 | L55: 6.4994668 | M55: 90.539556
B56: 工業 | D56: 10121.853 | E56: 100 | F56: 6.809791 | G56: 3.7236659 | H56: 89.466543 | I56: 4998.1095 | J56: 100 | K56: 11.459898 | L56: 5.8245475 | M56: 82.715554
B57: 批發及零售業 | D57: 1423.4298 | E57: 100 | F57: 7.4313781 | G57: 6.882704 | H57: 85.685918 | I57: 1785.8827 | J57: 100 | K57: 14.777733 | L57: 8.9870031 | M57: 76.235264
B58: 住宿及餐飲業 | D58: 881.92567 | E58: 100 | F58: 6.8009645 | G58: 7.1466172 | H58: 86.052418 | I58: 1098.8817 | J58: 100 | K58: 7.8345906 | L58: 3.8485691 | M58: 88.31684
B59: 服務事業 | D59: 10699.042 | E59: 100 | F59: 10.90675 | G59: 6.252394 | H59: 82.840857 | I59: 12115.849 | J59: 100 | K59: 21.928389 | L59: 11.906372 | M59: 66.165239
B60: 軍公教 | D60: 1764.0037 | E60: 100 | F60: 13.50515 | G60: 7.2039738 | H60: 79.290876 | I60: 2394.5884 | J60: 100 | K60: 13.961667 | L60: 7.5588863 | M60: 78.479446
B61: 學生(部分工時就業) | D61: 117.71237 | E61: 100 | F61: 18.246347 | G61: 2.8641002 | H61: 78.889553 | I61: 56.598525 | J61: 100 | K61: 36.32522 | L61: 25.579365 | M61: 38.095415
B62: 料理家事 | D62: 90.838043 | E62: 100 | F62: 12.261729 | G62: 27.159637 | H62: 60.578634 | I62: 6154.731 | J62: 100 | K62: 16.553443 | L62: 22.18191 | M62: 61.264647
B63: 退休人員 | D63: 4914.8188 | E63: 100 | F63: 12.800558 | G63: 29.050183 | H63: 58.149259 | I63: 3879.6149 | J63: 100 | K63: 24.722023 | L63: 29.876396 | M63: 45.401581
B64: 學生 | D64: 2122.1105 | E64: 100 | F64: 36.888903 | G64: 27.468543 | H64: 35.642554 | I64: 2125.6656 | J64: 100 | K64: 40.84343 | L64: 21.096322 | M64: 38.060248
B65: 未就業者 | D65: 1044.794 | E65: 100 | F65: 8.5063659 | G65: 22.088945 | H65: 69.404689 | I65: 817.5006 | J65: 100 | K65: 14.695594 | L65: 21.251491 | M65: 64.052914
B66: 不知道/無意見 | D66: 39.791355 | E66: 100 | F66: 0 | G66: 2.9337294 | H66: 97.066271 | I66: 84.602372 | J66: 100 | K66: 13.041214 | L66: 1.9281296 | M66: 85.030657
A67: 外出目的
B68: 通勤 | D68: 16601.994 | E68: 100 | F68: 8.9871316 | G68: 3.946805 | H68: 87.066063 | I68: 15005.006 | J68: 100 | K68: 18.71848 | L68: 8.8831548 | M68: 72.398365
B69: 通學 | D69: 1769.8978 | E69: 100 | F69: 34.287756 | G69: 29.340933 | H69: 36.371312 | I69: 1836.929 | J69: 100 | K69: 41.901484 | L69: 20.616534 | M69: 37.481982
B70: 公(商)務 | D70: 2454.2546 | E70: 100 | F70: 9.3227238 | G70: 1.8666971 | H70: 88.810579 | I70: 893.80018 | J70: 100 | K70: 26.482026 | L70: 5.1877135 | M70: 68.33026
B71: 購物 | D71: 4514.3607 | E71: 100 | F71: 4.3497995 | G71: 14.51037 | H71: 81.13983 | I71: 6814.4828 | J71: 100 | K71: 8.0309319 | L71: 19.229713 | M71: 72.739355
B72: 家庭及個人活動 | D72: 4809.6895 | E72: 100 | F72: 12.405139 | G72: 8.324436 | H72: 79.270425 | I72: 7000.3325 | J72: 100 | K72: 20.701118 | L72: 10.978092 | M72: 68.32079
B73: 休閒 | D73: 4368.9911 | E73: 100 | F73: 15.730573 | G73: 33.092638 | H73: 51.176789 | I73: 4541.1922 | J73: 100 | K73: 24.606493 | L73: 32.609161 | M73: 42.784346
A74: 出發時間
B75: 7時以前 | D75: 2675.3912 | E75: 100 | F75: 17.672699 | G75: 14.344191 | H75: 67.98311 | I75: 2008.3988 | J75: 100 | K75: 21.903801 | L75: 20.811527 | M75: 57.284671
B76: 7時-未滿9時 | D76: 8241.4803 | E76: 100 | F76: 10.08276 | G76: 8.9373914 | H76: 80.979849 | I76: 8901.3824 | J76: 100 | K76: 17.233881 | L76: 13.526935 | M76: 69.239185
B77: 9時-未滿11時 | D77: 3543.8049 | E77: 100 | F77: 10.231346 | G77: 11.974518 | H77: 77.794136 | I77: 4177.3277 | J77: 100 | K77: 18.38949 | L77: 18.992153 | M77: 62.618358
B78: 11時-未滿13時 | D78: 2610.498 | E78: 100 | F78: 7.5558605 | G78: 13.458953 | H78: 78.985187 | I78: 3238.2741 | J78: 100 | K78: 18.663044 | L78: 18.310382 | M78: 63.026573
B79: 13時-未滿15時 | D79: 1852.2993 | E79: 100 | F79: 12.876347 | G79: 11.624574 | H79: 75.499079 | I79: 1974.8061 | J79: 100 | K79: 22.860686 | L79: 13.342517 | M79: 63.796798
B80: 15時-未滿17時 | D80: 3015.3446 | E80: 100 | F80: 13.047473 | G80: 12.634295 | H80: 74.318231 | I80: 3529.115 | J80: 100 | K80: 19.590836 | L80: 15.55896 | M80: 64.850203
B81: 17時-未滿19時 | D81: 7960.1158 | E81: 100 | F81: 10.642725 | G81: 8.2836723 | H81: 81.073603 | I81: 7649.0461 | J81: 100 | K81: 20.748011 | L81: 11.310027 | M81: 67.941962
B82: 19時-未滿22時 | D82: 3632.0469 | E82: 100 | F82: 9.7427619 | G82: 11.690603 | H82: 78.566635 | I82: 3514.7958 | J82: 100 | K82: 20.187861 | L82: 13.837218 | M82: 65.974921
B83: 22時以後 | D83: 624.21287 | E83: 100 | F83: 11.582218 | G83: 9.4333513 | H83: 78.984431 | I83: 566.58962 | J83: 100 | K83: 17.25213 | L83: 8.8048745 | M83: 73.942995
B84: 拒答 | D84: 363.9939 | E84: 100 | F84: 10.745215 | G84: 23.737537 | H84: 65.517248 | I84: 532.0069 | J84: 100 | K84: 8.5065517 | L84: 17.942121 | M84: 73.551327
A87: 年度別
B88: 98年度 | D88: 25942.121 | E88: 100 | F88: 12.740197 | G88: 11.619007 | H88: 75.640797 | I88: 25641.899 | J88: 100 | K88: 19.862474 | L88: 13.044362 | M88: 67.093164
B89: 99年度 | D89: 40698.541 | E89: 100 | F89: 12.519458 | G89: 11.187453 | H89: 76.293089 | I89: 41739.056 | J89: 100 | K89: 20.635952 | L89: 13.068629 | M89: 66.295419
B90: 100年度 | D90: 40731.201 | E90: 100 | F90: 13.311159 | G90: 9.2954751 | H90: 77.393366 | I90: 42117.74 | J90: 100 | K90: 21.510429 | L90: 12.412675 | M90: 66.076896
B91: 101年度 | D91: 40993.894 | E91: 100 | F91: 13.18416 | G91: 10.518452 | H91: 76.297388 | I91: 41726.783 | J91: 100 | K91: 21.729075 | L91: 13.020076 | M91: 65.250849
B92: 102年度 | D92: 38921.396 | E92: 100 | F92: 14.022045 | G92: 10.613024 | H92: 75.364931 | I92: 39608.122 | J92: 100 | K92: 21.521535 | L92: 12.92698 | M92: 65.551485
B93: 103年度 | D93: 41265.897 | E93: 100 | F93: 14.063964 | G93: 10.310469 | H93: 75.625567 | I93: 40266.26 | J93: 100 | K93: 21.738101 | L93: 12.351395 | M93: 65.910504
B94: 104年度 | D94: 40226.617 | E94: 100 | F94: 14.175083 | G94: 9.5384575 | H94: 76.286459 | I94: 40744.794 | J94: 100 | K94: 21.673794 | L94: 11.917107 | M94: 66.409099
B95: 105年度 | D95: 41095.155 | E95: 100 | F95: 13.796763 | G95: 10.013466 | H95: 76.18977 | I95: 41683.681 | J95: 100 | K95: 22.394912 | L95: 12.42977 | M95: 65.175319
B96: 109年度 | D96: 37483.811 | E96: 100 | F96: 12.568248 | G96: 10.570686 | H96: 76.861067 | I96: 38299.559 | J96: 100 | K96: 19.290365 | L96: 12.846996 | M96: 67.86264
B97: 111年度 | D97: 37387.471 | E97: 100 | F97: 11.059385 | G97: 11.647237 | H97: 77.293378 | I97: 36759.991 | J97: 100 | K97: 17.541075 | L97: 15.149639 | M97: 67.309286
B98: 113年度 | D98: =D$9 -> 34519.188 | E98: =E$9 -> 100 | F98: =F$9 -> 11.031506 | G98: =G$9 -> 10.781281 | H98: =H$9 -> 78.187213 | I98: =I$9 -> 36091.743 | J98: =J$9 -> 100 | K98: =K$9 -> 19.198152 | ... M98: =M$9 -> 66.067868

Sheet C10
A1: 附表10 外出民眾運具次數之公共運輸市占率─按縣市別分 | O1: 附表10 外出民眾運具次數之公共運輸市占率─按縣市別分(續)
A2: 《平日市話及手機》 | O2: 《平日市話及手機》
A3: 調查對象為昨天有外出民眾，以運具次數角度做分析。 | O3: 調查對象為昨天有外出民眾，以運具次數角度做分析。
N4: 單位：% | Y4: 單位：%
A5: 項目別 | D5: 新北市 | E5: 臺北市 | F5: 桃園市 | G5: 臺中市 | H5: 臺南市 | I5: 高雄市 | J5: 宜蘭縣 | K5: 新竹縣 | L5: 苗栗縣 | M5: 彰化縣 | N5: 南投縣 | O5: 雲林縣 | P5: 嘉義縣 | Q5: 屏東縣 | R5: 臺東縣 | S5: 花蓮縣 | T5: 澎湖縣 | U5: 基隆市 | V5: 新竹市 | W5: 嘉義市 | X5: 金門縣 | Y5: 連江縣
A9: 全體 | D9: 29.022313 | E9: 38.331318 | F9: 12.943646 | G9: 9.0082473 | H9: 4.9273885 | I9: 10.190652 | J9: 8.3201713 | K9: 6.9230858 | L9: 6.8143924 | M9: 3.4478565 | N9: 3.325239 | O9: 3.8018243 | P9: 4.4064474 | Q9: 4.0721625 | R9: 5.4019043 | S9: 5.0398142 | T9: 5.6060168 | U9: 33.371024 | V9: 6.8478047 | W9: 4.1896618 | X9: 5.9422513 | Y9: 9.9172226
A10: 性別
B11: 男 | D11: 18.022899 | E11: 28.335742 | F11: 6.6166673 | G11: 8.8052521 | H11: 3.0855791 | I11: 12.00996 | J11: 5.255287 | K11: 6.4556988 | L11: 8.3074176 | M11: 3.1115781 | N11: 3.2062947 | O11: 3.2878483 | P11: 1.6119409 | Q11: 3.4747751 | R11: 5.2855455 | S11: 4.0882216 | T11: 5.7304527 | U11: 24.290903 | V11: 5.4701174 | W11: 3.7787689 | X11: 2.7709398 | Y11: 3.8397839
B12: 女 | D12: 39.414732 | E12: 46.504099 | F12: 18.54735 | G12: 9.2233391 | H12: 6.6460261 | I12: 8.3821828 | J12: 10.925832 | K12: 7.3588504 | L12: 5.3119766 | M12: 3.8281094 | N12: 3.4621969 | O12: 4.3240269 | P12: 7.4045647 | Q12: 4.7176537 | R12: 5.5366109 | S12: 5.9525057 | T12: 5.494413 | U12: 40.791045 | V12: 8.1583667 | W12: 4.5475197 | X12: 9.0028576 | Y12: 17.97835
A13: 年齡
B14: 15-未滿18歲 | D14: 56.705059 | E14: 57.640242 | F14: 42.663253 | G14: 42.425393 | H14: 26.866177 | I14: 41.243074 | J14: 33.526873 | K14: 37.534316 | L14: 36.283292 | M14: 32.860097 | N14: 42.39943 | O14: 40.772275 | P14: 18.591758 | Q14: 24.455467 | R14: 23.222309 | S14: 23.044014 | T14: 52.409823 | U14: 56.112238 | V14: 33.445771 | W14: 19.07673 | X14: 40.202966 | Y14: 52.337439
B15: 18-未滿20歲 | D15: 46.604747 | E15: 49.921966 | F15: 27.585219 | G15: 17.073384 | H15: 15.917577 | I15: 7.8710604 | J15: 13.711866 | K15: 9.7811271 | L15: 39.263305 | M15: 11.75444 | N15: 7.1581753 | O15: 25.886089 | P15: 16.515416 | Q15: 71.873125 | R15: 31.386886 | S15: 2.959346 | T15: 10.379722 | U15: 54.495967 | V15: 24.621464 | W15: 10.588019 | X15: 20.200577 | Y15: 10.570344
B16: 20-未滿30歲 | D16: 32.078937 | E16: 43.767577 | F16: 14.621981 | G16: 17.870161 | H16: 3.0019168 | I16: 14.230378 | J16: 13.942343 | K16: 13.523344 | L16: 5.4892282 | M16: 4.8667637 | N16: 2.840846 | O16: 2.0990926 | P16: 0.50209883 | Q16: 3.1801684 | R16: 3.4062864 | S16: 7.6933073 | T16: 3.7031892 | U16: 46.069173 | V16: 4.5087588 | W16: 15.729003 | X16: 2.1951937 | Y16: 4.1084518
B17: 30-未滿40歲 | D17: 25.574281 | E17: 40.079386 | F17: 10.355219 | G17: 3.5011793 | H17: 8.2586958 | I17: 9.4620201 | J17: 4.4425955 | K17: 0.54928246 | L17: 1.2909368 | M17: 0.49260021 | N17: 1.8699642 | O17: 0.28663067 | P17: 0.42768467 | Q17: 0.82020711 | R17: 7.1824709 | S17: 8.237101 | T17: 4.2613287 | U17: 32.105742 | V17: 2.4963895 | W17: 0.15699545 | X17: 0.95269569 | Y17: 23.429641
B18: 40-未滿50歲 | D18: 22.085456 | E18: 32.61651 | F18: 8.9078524 | G18: 3.87797 | H18: 4.0485119 | I18: 8.4468782 | J18: 9.3742388 | K18: 3.3097807 | L18: 6.6217264 | M18: 0.37570004 | N18: 1.5132169 | O18: 2.3517414 | P18: 0 | Q18: 4.2940344 | R18: 7.3603591 | S18: 1.0181888 | T18: 1.5305421 | U18: 13.327561 | V18: 3.9591808 | W18: 0.85763442 | X18: 6.5287411 | Y18: 2.8121053
B19: 50-未滿60歲 | D19: 22.774876 | E19: 30.485232 | F19: 14.973981 | G19: 4.9049105 | H19: 1.5890962 | I19: 6.692896 | J19: 4.4329191 | K19: 6.7205009 | L19: 3.5677131 | M19: 1.7895981 | N19: 1.3773491 | O19: 0.91453598 | P19: 14.381885 | Q19: 2.330432 | R19: 3.7821445 | S19: 4.5295014 | T19: 2.8313413 | U19: 28.629808 | V19: 3.1355238 | W19: 1.5824628 | X19: 3.5302702 | Y19: 2.8231088
B20: 60-未滿65歲 | D20: 31.171946 | E20: 31.699683 | F20: 5.6675605 | G20: 10.843922 | H20: 1.494224 | I20: 5.0059849 | J20: 1.2165258 | K20: 0.93029557 | L20: 7.6820762 | M20: 1.7189871 | N20: 3.9434872 | O20: 2.582788 | P20: 4.8338371 | Q20: 0.17069804 | R20: 2.2919133 | S20: 0.74056071 | T20: 4.9081845 | U20: 20.907452 | V20: 10.597584 | W20: 5.0974352 | X20: 8.1313449 | Y20: 1.0436382
B21: 65歲及以上 | D21: 36.640963 | E21: 45.176142 | F21: 13.850301 | G21: 12.043777 | H21: 2.6812074 | I21: 12.173225 | J21: 5.6316431 | K21: 9.3989743 | L21: 8.374457 | M21: 3.4488982 | N21: 3.7690567 | O21: 4.7669398 | P21: 0.93875078 | Q21: 3.5122687 | R21: 2.9605837 | S21: 7.7792306 | T21: 10.216325 | U21: 52.392013 | V21: 11.489525 | W21: 3.1050117 | X21: 12.681184 | Y21: 2.4913864
A22: 教育程度
B23: 小學及以下 | D23: 30.193499 | E23: 37.14653 | F23: 13.056261 | G23: 8.3565233 | H23: 4.6708452 | I23: 1.5013718 | J23: 7.4891619 | K23: 4.8856029 | L23: 4.4836457 | M23: 2.7039697 | N23: 3.5599729 | O23: 3.2483545 | P23: 0.54836259 | Q23: 4.0683113 | R23: 2.0346922 | S23: 9.7524185 | T23: 12.779056 | U23: 43.817173 | V23: 6.3057943 | W23: 2.3489989 | X23: 17.994638 | Y23: 0
B24: 國(初)中 | D24: 17.182207 | E24: 38.845387 | F24: 9.930706 | G24: 4.338545 | H24: 1.5960036 | I24: 5.6258289 | J24: 7.4443641 | K24: 11.39783 | L24: 9.5617063 | M24: 2.2758728 | N24: 1.0934018 | O24: 4.1904099 | P24: 21.296996 | Q24: 2.6991647 | R24: 3.944834 | S24: 3.0850636 | T24: 2.5280109 | U24: 10.409642 | V24: 19.192067 | W24: 1.7114568 | X24: 10.677352 | Y24: 0
B25: 高中(職) | D25: 24.802113 | E25: 34.399555 | F25: 10.986037 | G25: 15.730139 | H25: 4.906625 | I25: 8.0217813 | J25: 7.4892021 | K25: 11.40372 | L25: 10.365426 | M25: 5.571938 | N25: 5.6427483 | O25: 5.875371 | P25: 1.2244005 | Q25: 4.9831498 | R25: 3.5597039 | S25: 5.1760271 | T25: 6.4685487 | U25: 33.635931 | V25: 13.312202 | W25: 5.3634597 | X25: 6.298621 | Y25: 8.8455272
B26: 專科 | D26: 27.836597 | E26: 29.202944 | F26: 14.711346 | G26: 5.8381651 | H26: 3.0062149 | I26: 10.176014 | J26: 15.134265 | K26: 11.896489 | L26: 0.99460099 | M26: 1.5123113 | N26: 0.94454802 | O26: 1.4150264 | P26: 0.72868834 | Q26: 3.8156459 | R26: 2.0170279 | S26: 1.0476613 | T26: 3.9667873 | U26: 39.87501 | V26: 5.8188095 | W26: 3.5652385 | X26: 4.7986096 | Y26: 3.7735221
B27: 大學 | D27: 30.329078 | E27: 39.206896 | F27: 13.895004 | G27: 8.2435906 | H27: 3.3401887 | I27: 14.34132 | J27: 6.7580252 | K27: 3.0132683 | L27: 4.0229878 | M27: 2.472624 | N27: 3.4193572 | O27: 3.5715373 | P27: 2.5871634 | Q27: 3.6728253 | R27: 8.4342863 | S27: 8.3380853 | T27: 4.5608369 | U27: 32.097819 | V27: 3.6337505 | W27: 5.1195266 | X27: 3.9233612 | Y27: 16.640304
B28: 研究所及以上 | D28: 38.00342 | E28: 44.762764 | F28: 14.090417 | G28: 3.6343664 | H28: 11.82346 | I28: 8.1463496 | J28: 3.8489698 | K28: 4.2285071 | L28: 11.691055 | M28: 1.1623762 | N28: 1.2615274 | O28: 0.8951714 | P28: 0 | Q28: 2.635871 | R28: 6.7100427 | S28: 0.72879028 | T28: 2.1340526 | U28: 31.655602 | V28: 4.0774716 | W28: 1.0212933 | X28: 0.93092733 | Y28: 0
B29: 不知道/無意見 | D29: 0 | E29: 0 | F29: 0 | G29: 28.201568 | H29: 0 | I29: 0 | J29: 0 | K29: 0 | L29: 0 | M29: 15.985882 | N29: 0 | O29: 0 | P29: 0 | Q29: 0 | R29: 0 | S29: 0 | T29: 40.643706 | U29: 0 | V29: 0 | W29: 0 | X29: 0 | Y29: 0
A30: 職業
B31: 農林漁牧 | D31: 32.461836 | E31: 0 | F31: 0 | G31: 0 | H31: 0 | I31: 2.1941197 | J31: 1.9464633 | K31: 0 | L31: 0 | M31: 0 | N31: 0.49686257 | O31: 0.60408831 | P31: 0 | Q31: 0 | R31: 1.6794951 | S31: 0.2964051 | T31: 3.5999302 | U31: 0 | V31: 0 | W31: 17.666072 | X31: 0 | Y31: 0
B32: 工業 | D32: 13.993909 | E32: 29.099123 | F32: 7.5795522 | G32: 7.7112551 | H32: 2.5453692 | I32: 5.4215157 | J32: 5.3463147 | K32: 2.2271836 | L32: 5.9307648 | M32: 0.56882549 | N32: 0.64645261 | O32: 2.0971742 | P32: 14.809344 | Q32: 1.5750153 | R32: 10.002737 | S32: 9.4385347 | T32: 3.0075926 | U32: 27.538566 | V32: 3.5711431 | W32: 1.6552303 | X32: 2.6075078 | Y32: 2.7373703
B33: 批發及零售業 | D33: 20.164733 | E33: 29.764633 | F33: 12.522347 | G33: 1.3362123 | H33: 1.3623505 | I33: 0.871501 | J33: 3.3292427 | K33: 7.594117 | L33: 1.3008751 | M33: 0 | N33: 0.70576193 | O33: 1.2407417 | P33: 1.0006996 | Q33: 4.9831014 | R33: 5.9283974 | S33: 7.1893671 | T33: 4.1645984 | U33: 44.977498 | V33: 2.9890501 | W33: 0.45792027 | X33: 3.1618081 | Y33: 0
B34: 住宿及餐飲業 | D34: 13.563119 | E34: 26.044578 | F34: 0 | G34: 6.5086476 | H34: 5.4699304 | I34: 4.2107032 | J34: 0.62813093 | K34: 3.5875198 | L34: 9.4610351 | M34: 3.9753237 | N34: 4.1486708 | O34: 0 | P34: 9.8467278 | Q34: 0 | R34: 1.165697 | S34: 0 | T34: 8.5653151 | U34: 14.880036 | V34: 8.214009 | W34: 18.41122 | X34: 0.48156881 | Y34: 0
B35: 服務事業 | D35: 33.044491 | E35: 38.712164 | F35: 13.002895 | G35: 5.8600348 | H35: 6.8586443 | I35: 11.465266 | J35: 6.609032 | K35: 4.1938366 | L35: 2.6780838 | M35: 2.1544684 | N35: 2.4760589 | O35: 4.5336039 | P35: 1.4038705 | Q35: 2.8681339 | R35: 3.4395736 | S35: 4.2781226 | T35: 5.0839778 | U35: 20.962775 | V35: 2.8577338 | W35: 0.63096427 | X35: 5.2032132 | Y35: 1.7124911
B36: 軍公教 | D36: 27.940773 | E36: 41.815337 | F36: 22.05625 | G36: 7.901598 | H36: 1.7986154 | I36: 9.242671 | J36: 5.6968913 | K36: 8.6291663 | L36: 11.678258 | M36: 0.71592582 | N36: 1.0815566 | O36: 1.0399583 | P36: 0 | Q36: 2.0659177 | R36: 12.762829 | S36: 1.274931 | T36: 1.1129066 | U36: 13.366846 | V36: 13.391462 | W36: 1.3859928 | X36: 0.96005177 | Y36: 13.542008
B37: 學生(部分工時就業) | D37: 21.909021 | E37: 81.356459 | F37: 40.452951 | G37: 12.965301 | H37: 16.049252 | I37: 2.0379989 | J37: 9.7763946 | K37: 16.901126 | L37: 50 | M37: 25.73145 | N37: 0 | O37: 0 | P37: 7.6857173 | Q37: 0 | R37: 0 | S37: 0 | T37: 7.4595524 | U37: 18.106513 | V37: 50 | W37: 59.37407 | X37: 0 | Y37: 0
B38: 料理家事 | D38: 35.29023 | E38: 44.953845 | F38: 9.0295779 | G38: 6.7026452 | H38: 4.9296872 | I38: 2.2137333 | J38: 22.649113 | K38: 2.7923272 | L38: 2.9454539 | M38: 5.1906637 | N38: 2.9159599 | O38: 5.7750278 | P38: 1.1426437 | Q38: 3.224694 | R38: 5.6962128 | S38: 9.3713539 | T38: 8.4545481 | U38: 51.518954 | V38: 12.65429 | W38: 5.6382186 | X38: 15.270445 | Y38: 0
B39: 退休人員 | D39: 35.936566 | E39: 37.019669 | F39: 11.365781 | G39: 16.39524 | H39: 2.7218731 | I39: 14.362378 | J39: 2.7096369 | K39: 6.6543512 | L39: 6.7001042 | M39: 3.7879057 | N39: 3.3568133 | O39: 1.4489542 | P39: 0.85071583 | Q39: 2.8273166 | R39: 3.2361209 | S39: 3.1383593 | T39: 6.7892601 | U39: 50.887686 | V39: 8.205062 | W39: 3.1819638 | X39: 9.5411371 | Y39: 5.8043935
B40: 學生 | D40: 52.9868 | E40: 58.508881 | F40: 41.721557 | G40: 32.346687 | H40: 18.237684 | I40: 38.9689 | J40: 30.896608 | K40: 37.654617 | L40: 39.366392 | M40: 33.115806 | N40: 36.473806 | O40: 22.652501 | P40: 12.654107 | Q40: 28.257259 | R40: 17.340416 | S40: 5.8272235 | T40: 34.847896 | U40: 59.334873 | V40: 24.674512 | W40: 18.803437 | X40: 14.510601 | Y40: 56.394847
B41: 未就業者 | D41: 25.382551 | E41: 33.823797 | F41: 17.537433 | G41: 2.2002149 | H41: 4.3108956 | I41: 0 | J41: 6.7894024 | K41: 3.9129042 | L41: 5.8613055 | M41: 7.5692866 | N41: 7.230594 | O41: 0.96556289 | P41: 0 | Q41: 7.0717161 | R41: 0.44810319 | S41: 12.359844 | T41: 12.595561 | U41: 62.220088 | V41: 0 | W41: 0 | X41: 11.771676 | Y41: 0
B42: 不知道/無意見 | D42: 0 | E42: 0 | F42: 0 | G42: 44.758605 | H42: 0 | I42: 0 | J42: 0 | K42: 0 | L42: 0 | M42: 0 | N42: 0 | O42: 0 | P42: 80.588682 | Q42: 0 | R42: 0 | S42: 0 | T42: 0 | U42: 0 | V42: 14.220269 | W42: 0 | X42: 0 | Y42: 0
A44: 外出目的
B45: 通勤 | D45: 27.849402 | E45: 36.420614 | F45: 11.785342 | G45: 3.7089826 | H45: 1.3996694 | I45: 9.1906172 | J45: 5.0569784 | K45: 4.1130611 | L45: 3.4795286 | M45: 1.4673253 | N45: 1.0561522 | O45: 2.8742166 | P45: 0.94841744 | Q45: 1.7520179 | R45: 5.2733528 | S45: 2.5857306 | T45: 3.6242254 | U45: 26.556868 | V45: 2.1466249 | W45: 1.9777942 | X45: 2.1184844 | Y45: 2.6650296
B46: 通學 | D46: 52.856933 | E46: 58.688037 | F46: 45.527297 | G46: 31.209907 | H46: 19.674363 | I46: 23.642356 | J46: 32.646262 | K46: 29.112855 | L46: 38.46353 | M46: 31.044465 | N46: 37.128198 | O46: 27.900812 | P46: 16.945344 | Q46: 31.720785 | R46: 18.284436 | S46: 5.3332946 | T46: 24.096568 | U46: 59.774322 | V46: 21.325353 | W46: 29.965557 | X46: 21.335024 | Y46: 56.394847
B47: 公(商)務 | D47: 8.2396529 | E47: 34.577165 | F47: 1.3980885 | G47: 1.4035679 | H47: 33.662888 | I47: 24.311454 | J47: 0 | K47: 0.67625913 | L47: 0.73979885 | M47: 0 | N47: 4.6925272 | O47: 0 | P47: 3.35439 | Q47: 5.9820618 | R47: 10.837635 | S47: 28.253258 | T47: 5.6479372 | U47: 11.364043 | V47: 3.8271129 | W47: 8.5408953 | X47: 0.20233823 | Y47: 2.2995646
B48: 購物 | D48: 17.608024 | E48: 24.67282 | F48: 3.0385218 | G48: 2.9738231 | H48: 0.61867389 | I48: 4.0361582 | J48: 10.114063 | K48: 1.9786652 | L48: 0.96303712 | M48: 1.1634905 | N48: 1.1209868 | O48: 0.5922564 | P48: 0 | Q48: 0.94226056 | R48: 0 | S48: 4.1650138 | T48: 3.9185252 | U48: 27.333658 | V48: 2.081291 | W48: 0.62669069 | X48: 8.6696639 | Y48: 2.2491724
B49: 家庭及個人活動 | D49: 34.250361 | E49: 42.125384 | F49: 15.533243 | G49: 9.1849276 | H49: 5.2691107 | I49: 11.422963 | J49: 9.3735685 | K49: 4.9952481 | L49: 9.0372997 | M49: 4.0406953 | N49: 3.5202873 | O49: 2.0970136 | P49: 10.008651 | Q49: 2.26504 | R49: 3.8887601 | S49: 5.1822784 | T49: 4.7531873 | U49: 42.993313 | V49: 8.7783001 | W49: 5.8066583 | X49: 12.387368 | Y49: 22.639773
B50: 休閒 | D50: 35.284524 | E50: 45.558908 | F50: 15.006447 | G50: 29.302445 | H50: 6.0803637 | I50: 10.247971 | J50: 7.6595012 | K50: 18.680952 | L50: 10.938518 | M50: 3.2084545 | N50: 5.0404649 | O50: 4.4893543 | P50: 12.345168 | Q50: 9.0179791 | R50: 9.0521494 | S50: 3.7733394 | T50: 10.774232 | U50: 36.808334 | V50: 18.616686 | W50: 4.2665802 | X50: 3.4623431 | Y50: 15.981319
A51: 出發時間
B52: 7時以前 | D52: 29.414248 | E52: 26.324169 | F52: 19.978598 | G52: 27.028178 | H52: 7.8037923 | I52: 23.675145 | J52: 12.397585 | K52: 11.856407 | L52: 16.780579 | M52: 7.2753819 | N52: 7.2401471 | O52: 10.63091 | P52: 2.2241456 | Q52: 8.9039377 | R52: 13.058984 | S52: 2.731009 | T52: 5.9521998 | U52: 45.341647 | V52: 10.510857 | W52: 17.699976 | X52: 6.8151733 | Y52: 43.641966
B53: 7時-未滿9時 | D53: 24.871219 | E53: 37.617953 | F53: 12.707321 | G53: 6.3553408 | H53: 3.7360164 | I53: 10.365148 | J53: 5.3024573 | K53: 5.731051 | L53: 5.2510276 | M53: 2.0986391 | N53: 2.7201281 | O53: 3.502723 | P53: 6.7210725 | Q53: 3.320013 | R53: 3.851534 | S53: 5.1914604 | T53: 4.7696719 | U53: 28.647305 | V53: 7.6151441 | W53: 4.5022293 | X53: 3.8939356 | Y53: 7.8862267
B54: 9時-未滿11時 | D54: 29.727881 | E54: 26.729312 | F54: 13.956386 | G54: 7.0533918 | H54: 2.2877947 | I54: 10.656227 | J54: 14.961923 | K54: 2.014461 | L54: 6.9117488 | M54: 2.3239924 | N54: 3.2873518 | O54: 0.91470421 | P54: 17.4015 | Q54: 3.8360544 | R54: 6.1067187 | S54: 4.8527654 | T54: 4.9439696 | U54: 35.053135 | V54: 3.7947905 | W54: 0.74554741 | X54: 8.7527006 | Y54: 7.3905825
B55: 11時-未滿13時 | D55: 29.644423 | E55: 35.613837 | F55: 10.439163 | G55: 5.1618852 | H55: 5.6851853 | I55: 4.6235493 | J55: 8.4330075 | K55: 2.423836 | L55: 3.4000065 | M55: 0.19982678 | N55: 3.947599 | O55: 1.432463 | P55: 0.28130721 | Q55: 1.7723349 | R55: 7.7011136 | S55: 4.3685808 | T55: 2.284832 | U55: 41.4266 | V55: 7.814789 | W55: 5.5359961 | X55: 9.1387951 | Y55: 1.5767517
B56: 13時-未滿15時 | D56: 31.64493 | E56: 41.709876 | F56: 12.495973 | G56: 10.794118 | H56: 6.6283006 | I56: 7.6820454 | J56: 4.2819224 | K56: 9.1650135 | L56: 8.67427 | M56: 7.928103 | N56: 3.7188001 | O56: 3.7713013 | P56: 0.88957373 | Q56: 2.9557967 | R56: 2.3087345 | S56: 6.3258418 | T56: 10.482974 | U56: 27.409142 | V56: 7.6553352 | W56: 4.2334289 | X56: 12.084656 | Y56: 0
B57: 15時-未滿17時 | D57: 32.459835 | E57: 45.260855 | F57: 10.853515 | G57: 13.374914 | H57: 9.8781599 | I57: 5.8060148 | J57: 8.8254089 | K57: 20.872502 | L57: 7.1226234 | M57: 6.1805503 | N57: 8.3145169 | O57: 4.4888413 | P57: 2.1189993 | Q57: 7.5932695 | R57: 7.1815809 | S57: 4.7475821 | T57: 12.397059 | U57: 40.246442 | V57: 10.892242 | W57: 4.1901579 | X57: 11.37806 | Y57: 13.966126
B58: 17時-未滿19時 | D58: 30.794386 | E58: 40.509187 | F58: 14.285745 | G58: 7.1197044 | H58: 5.1809905 | I58: 12.09863 | J58: 8.9096767 | K58: 5.1027836 | L58: 5.8482846 | M58: 4.0797531 | N58: 1.7140217 | O58: 4.221609 | P58: 1.4899057 | Q58: 4.0226943 | R58: 3.0436907 | S58: 1.2914579 | T58: 4.8497659 | U58: 33.065585 | V58: 4.2848744 | W58: 0.9701127 | X58: 2.187429 | Y58: 10.427195
B59: 19時-未滿22時 | D59: 29.061822 | E59: 47.399844 | F59: 9.9645357 | G59: 4.9578419 | H59: 3.1012683 | I59: 7.9599876 | J59: 4.6411668 | K59: 6.7803495 | L59: 8.4953448 | M59: 2.1173391 | N59: 0.8104462 | O59: 0.91998544 | P59: 1.9234533 | Q59: 0.14718006 | R59: 4.9187589 | S59: 5.651905 | T59: 4.9446249 | U59: 23.083953 | V59: 6.104537 | W59: 2.0876892 | X59: 0.62991393 | Y59: 3.1595003
B60: 22時以後 | D60: 31.858482 | E60: 38.865686 | F60: 9.5708415 | G60: 6.2705847 | H60: 6.2513792 | I60: 1.5311393 | J60: 4.5521258 | K60: 2.7706088 | L60: 16.137719 | M60: 0 | N60: 0 | O60: 8.7597299 | P60: 0 | Q60: 3.5108517 | R60: 3.7994122 | S60: 48.723557 | T60: 9.2061496 | U60: 32.334721 | V60: 10.252952 | W60: 5.159796 | X60: 0 | Y60: 0
B61: 拒答 | D61: 33.732704 | E61: 11.096052 | F61: 12.986189 | G61: 22.540722 | H61: 0 | I61: 0 | J61: 0 | K61: 3.4788905 | L61: 0.87647522 | M61: 0 | N61: 0 | O61: 5.1358748 | P61: 0 | Q61: 0 | R61: 0.63205301 | S61: 0.42784736 | T61: 2.3662318 | U61: 21.813714 | V61: 0.96048225 | W61: 8.4936712 | X61: 18.975062 | Y61: 0
A64: 年度別
B65: 98年度 | D65: 29.014057 | E65: 39.511744 | F65: 13.831351 | G65: 9.1024026 | H65: 6.50655 | I65: 9.1000036 | J65: 8.3227992 | K65: 8.3848161 | L65: 6.8836002 | M65: 5.9974921 | N65: 6.1528189 | O65: 5.3917763 | P65: 5.1766519 | Q65: 5.2919717 | R65: 5.7925897 | S65: 6.2279011 | T65: 4.9633569 | U65: 36.855036 | V65: 6.687696 | W65: 4.0897519 | X65: 0 | Y65: 0
B66: 99年度 | D66: 29.835197 | E66: 43.357894 | F66: 13.745492 | G66: 9.1630708 | H66: 5.7668186 | I66: 8.0361668 | J66: 7.9890562 | K66: 8.5974489 | L66: 7.8930035 | M66: 4.93737 | N66: 5.3183223 | O66: 4.4635603 | P66: 5.773874 | Q66: 5.656687 | R66: 5.1242709 | S66: 5.3500594 | T66: 6.8689388 | U66: 38.105279 | V66: 6.9977112 | W66: 4.5885996 | X66: 12.66516 | Y66: 12.025753
B67: 100年度 | D67: 31.830623 | E67: 43.465804 | F67: 13.985044 | G67: 9.8929128 | H67: 5.6692318 | I67: 8.7371697 | J67: 7.7263766 | K67: 9.6218393 | L67: 8.5610708 | M67: 5.2995998 | N67: 6.1577847 | O67: 4.793785 | P67: 6.3678434 | Q67: 5.5524054 | R67: 4.3280816 | S67: 6.0775016 | T67: 8.7023259 | U67: 38.453273 | V67: 7.020784 | W67: 3.9304326 | X67: 13.149378 | Y67: 10.677909
B68: 101年度 | D68: 31.028771 | E68: 42.48808 | F68: 13.931606 | G68: 10.528181 | H68: 5.8583264 | I68: 8.8055951 | J68: 8.5811443 | K68: 9.4870159 | L68: 8.7621774 | M68: 5.5239786 | N68: 5.7839026 | O68: 5.1641993 | P68: 6.351662 | Q68: 5.6015169 | R68: 5.9415144 | S68: 6.2929798 | T68: 8.5668144 | U68: 38.972121 | V68: 8.2961839 | W68: 3.9839156 | X68: 12.815736 | Y68: 11.364047
B69: 102年度 | D69: 32.658601 | E69: 42.569973 | F69: 14.174844 | G69: 10.802349 | H69: 5.9296002 | I69: 8.7145295 | J69: 9.4299918 | K69: 9.8334658 | L69: 8.4346411 | M69: 4.9008887 | N69: 5.9152312 | O69: 4.5360224 | P69: 6.3901483 | Q69: 5.8207001 | R69: 4.9962261 | S69: 6.6859017 | T69: 7.429724 | U69: 40.63815 | V69: 8.1763951 | W69: 4.513105 | X69: 12.991214 | Y69: 10.573042
B70: 103年度 | D70: 33.221296 | E70: 41.278436 | F70: 15.606894 | G70: 11.86159 | H70: 6.5329111 | I70: 9.4262011 | J70: 8.4223768 | K70: 8.9517828 | L70: 8.237551 | M70: 5.6859017 | N70: 5.3945276 | O70: 4.8542726 | P70: 5.8111718 | Q70: 6.1542327 | R70: 5.1227775 | S70: 6.6238162 | T70: 7.4775523 | U70: 38.017834 | V70: 8.5595639 | W70: 4.3971938 | X70: 9.682029 | Y70: 12.932178
B71: 104年度 | D71: 33.61012 | E71: 41.538114 | F71: 14.658398 | G71: 12.315166 | H71: 6.4879784 | I71: 9.1194969 | J71: 9.6251482 | K71: 8.5076397 | L71: 6.8433226 | M71: 6.4585861 | N71: 4.7338889 | O71: 5.2821388 | P71: 5.1955005 | Q71: 6.008178 | R71: 5.5656726 | S71: 5.9596395 | T71: 7.0223627 | U71: 40.575147 | V71: 8.7205343 | W71: 4.0723887 | X71: 9.9910113 | Y71: 11.260382
B72: 105年度 | D72: 33.789885 | E72: 42.840117 | F72: 15.018515 | G72: 12.207127 | H72: 6.7325018 | I72: 9.298667 | J72: 10.295361 | K72: 10.008075 | L72: 8.758174 | M72: 5.4835592 | N72: 5.9324118 | O72: 5.2926818 | P72: 6.1922856 | Q72: 5.2068097 | R72: 6.0828602 | S72: 6.0538902 | T72: 6.9989452 | U72: 39.782065 | V72: 8.3454722 | W72: 4.9336248 | X72: 10.1978 | Y72: 12.107408
B73: 109年度 | D73: 33.594428 | E73: 40.377292 | F73: 12.167233 | G73: 8.6108847 | H73: 5.4662018 | I73: 8.293725 | J73: 8.1254754 | K73: 6.1114572 | L73: 6.6689304 | M73: 4.3519826 | N73: 4.9822715 | O73: 3.6617672 | P73: 4.3952103 | Q73: 4.6217209 | R73: 2.8585598 | S73: 4.5581924 | T73: 6.9361784 | U73: 34.428986 | V73: 6.9311094 | W73: 3.824075 | X73: 9.4896884 | Y73: 8.8338986
B74: 111年度 | D74: 28.652937 | E74: 37.178081 | F74: 9.0586377 | G74: 8.8107074 | H74: 4.8248527 | I74: 8.3816814 | J74: 7.9352382 | K74: 5.2063359 | L74: 5.769176 | M74: 4.6871686 | N74: 3.47338 | O74: 3.415844 | P74: 2.6675007 | Q74: 4.860564 | R74: 4.4028539 | S74: 4.85479 | T74: 7.0160985 | U74: 32.488181 | V74: 6.1322026 | W74: 4.4708504 | X74: 6.7866153 | Y74: 8.4260663
B75: 113年度 | D75: =D$9 -> 29.022313 | E75: =E$9 -> 38.331318 | F75: =F$9 -> 12.943646 | G75: =G$9 -> 9.0082473 | H75: =H$9 -> 4.9273885 | I75: =I$9 -> 10.190652 | J75: =J$9 -> 8.3201713 | K75: =K$9 -> 6.9230858 | ... Y75: =Y$9 -> 9.9172226

Sheet C11
E1: 附表11 | F1: 外出民眾運具次數市占率─按各運具分 | M1: 外出民眾運具次數市占率─按各運具分(續完)
F2: 《平日市話及手機》 | M2: 《平日市話及手機》
E3: 調查對象 | F3: 為昨天有外出民眾，以運具次數角度做分析。 | M3: 為昨天有外出民眾，以運具次數角度做分析。
L4: 單位：運具次數；% | T4: 單位：運具次數；%
A5: 項目別 | D5: 樣本數 | E5: 總計
F6: 公共 運輸 | M6: 非機動運具 | Q6: 私人機動運具
G7: 捷運 | H7: 高鐵 | I7: 臺鐵 | J7: 汽車 客運 | K7: 計程車 | L7: 其他公共運輸 | N7: 步行 | O7: 自行車 | P7: 微型電動二輪車 | R7: 機車 | S7: 自用 小客車 | T7: 其他私人機動運具
G8: 捷運 | H8: 高鐵 | I8: 臺鐵 | J8: 國道客運 | L8: 渡輪
A9: 全體 | D9: 70610.93 | E9: 100 | F9: 15.205768 | G9: 4.6292845 | H9: 0.55362739 | I9: 1.4059964 | J9: 5.987247 | K9: 2.5465729 | L9: 0.083039366 | M9: 12.801645 | N9: 9.9077953 | O9: 2.7335562 | P9: 0.16029348 | Q9: 71.992587 | R9: 43.708487 | S9: 26.568069 | T9: 1.7160315
A10: 居住縣市 | C10: ='C08'!C10 -> ***
B11: 新北市 | C11: ='C08'!C11 -> 0 | D11: 11825.78 | E11: 100 | F11: 29.022313 | G11: 12.327222 | H11: 0.4359269 | I11: 1.574618 | J11: 10.984754 | K11: 3.6843951 | L11: 0.015396261 | M11: 16.180043 | N11: 14.785981 | O11: 1.2798339 | P11: 0.11422814 | Q11: 54.797644 | R11: 36.181353 | S11: 17.985372 | T11: 0.63091922
B12: 臺北市 | C12: ='C08'!C12 -> 0 | D12: 7971.3183 | E12: 100 | F12: 38.331318 | G12: 15.996426 | H12: 0.42747075 | I12: 0.77065398 | J12: 13.660867 | K12: 7.3170793 | L12: 0.15882102 | M12: 24.710046 | N12: 20.849964 | O12: 3.844733 | P12: 0.01534912 | Q12: 36.958636 | R12: 20.052988 | S12: 16.315906 | T12: 0.58974226
B13: 桃園市 | C13: ='C08'!C13 -> 0 | D13: 7305.4333 | E13: 100 | F13: 12.943646 | G13: 3.2344863 | H13: 0.53516767 | I13: 1.886163 | J13: 6.1358792 | K13: 1.1519498 | L13: 0 | M13: 14.005143 | N13: 11.288199 | O13: 2.5073554 | P13: 0.20958836 | Q13: 73.051211 | R13: 42.338641 | S13: 29.334951 | T13: 1.3776188
B14: 臺中市 | C14: ='C08'!C14 -> 0 | D14: 7339.5437 | E14: 100 | F14: 9.0082473 | G14: 0.33745515 | H14: 0.12776074 | I14: 1.5664231 | J14: 4.9114744 | K14: 2.0359078 | L14: 0.02922612 | M14: 9.3891125 | N14: 7.1700761 | O14: 1.9004935 | P14: 0.31854286 | Q14: 81.60264 | R14: 48.76779 | S14: 31.432594 | T14: 1.4022558
B15: 臺南市 | C15: ='C08'!C15 -> 0 | D15: 6151.9164 | E15: 100 | F15: 4.9273885 | G15: 0.11278803 | H15: 0.5872617 | I15: 1.1007895 | J15: 1.7234347 | K15: 1.393308 | L15: 0.0098064809 | M15: 9.9964492 | N15: 5.417172 | O15: 4.152847 | P15: 0.42643018 | Q15: 85.076162 | R15: 53.095933 | S15: 29.442568 | T15: 2.5376617
B16: 高雄市 | C16: ='C08'!C16 -> 0 | D16: 9200.7959 | E16: 100 | F16: 10.190652 | G16: 1.6555466 | H16: 1.7863984 | I16: 1.7120318 | J16: 1.9278478 | K16: 2.7737225 | L16: 0.33510471 | M16: 8.6028633 | N16: 5.6413762 | O16: 2.8622939 | P16: 0.099193197 | Q16: 81.206485 | R16: 55.115981 | S16: 24.351209 | T16: 1.7392954
B17: 宜蘭縣 | C17: ='C08'!C17 -> 0 | D17: 1500.8651 | E17: 100 | F17: 8.3201713 | G17: 1.7674233 | H17: 0.060905687 | I17: 1.0572395 | J17: 4.9508114 | K17: 0.48379142 | L17: 0 | M17: 11.171989 | N17: 7.6415072 | O17: 3.402028 | P17: 0.12845376 | Q17: 80.50784 | R17: 40.613656 | S17: 38.813131 | T17: 1.0810524
B18: 新竹縣 | C18: ='C08'!C18 -> 0 | D18: 1737.1933 | E18: 100 | F18: 6.9230858 | G18: 0.23222001 | H18: 0.62183251 | I18: 1.5930693 | J18: 2.4588074 | K18: 2.0171566 | L18: 0 | M18: 10.858949 | N18: 8.0871357 | O18: 2.7581993 | P18: 0.013613522 | Q18: 82.217966 | R18: 46.261728 | S18: 34.592133 | T18: 1.3641048
B19: 苗栗縣 | C19: ='C08'!C19 -> 0 | D19: 1660.7303 | E19: 100 | F19: 6.8143924 | G19: 0.70837567 | H19: 0.17258927 | I19: 2.1921276 | J19: 3.2730952 | K19: 0.46820474 | L19: 0 | M19: 9.5460152 | N19: 6.6236491 | O19: 2.8524426 | P19: 0.069923516 | Q19: 83.639592 | R19: 42.896811 | S19: 38.98738 | T19: 1.7554017
B20: 彰化縣 | C20: ='C08'!C20 -> 0 | D20: 3032.284 | E20: 100 | F20: 3.4478565 | G20: 0.070508736 | H20: 0.085439408 | I20: 1.1030459 | J20: 2.1888625 | K20: 0 | L20: 0 | M20: 7.4566209 | N20: 3.854211 | O20: 3.5419423 | P20: 0.060467623 | Q20: 89.095523 | R20: 50.719237 | S20: 34.64474 | T20: 3.7315461
B21: 南投縣 | C21: ='C08'!C21 -> 0 | D21: 1486.6441 | E21: 100 | F21: 3.325239 | G21: 0.067599727 | H21: 0.28164855 | I21: 0.070284494 | J21: 2.5422369 | K21: 0.36346942 | L21: 0 | M21: 9.4733741 | N21: 8.1756635 | O21: 1.0796252 | P21: 0.21808546 | Q21: 87.201387 | R21: 50.439706 | S21: 31.261112 | T21: 5.5005687
B22: 雲林縣 | C22: ='C08'!C22 -> 0 | D22: 2042.8752 | E22: 100 | F22: 3.8018243 | G22: 0.023612356 | H22: 0.023612356 | I22: 0.58984347 | J22: 2.9582267 | K22: 0.16207548 | L22: 0.044453916 | M22: 9.7626788 | N22: 3.9898309 | O22: 5.5036493 | P22: 0.26919866 | Q22: 86.435497 | R22: 47.113389 | S22: 34.458396 | T22: 4.8637114
... B32: 連江縣 | C32: ='C08'!C32 -> 0 | D32: 30.505973 | E32: 100 | F32: 9.9172226 | G32: 2.6921867 | H32: 1.3592025 | I32: 0 | J32: 3.0966043 | K32: 0.34808493 | L32: 2.4211442 | M32: 15.81549 | N32: 15.81549 | O32: 0 | P32: 0 | Q32: 74.267288 | R32: 41.202127 | S32: 32.782235 | T32: 0.28292592
A33: 是否為直轄市 | C33: ***
B34: 直轄市 | D34: 49794.788 | E34: 100 | F34: 18.747203 | G34: 6.3324684 | H34: 0.67193962 | I34: 1.4572671 | J34: 6.9889203 | K34: 3.2000882 | L34: 0.096519155 | M34: 14.061496 | N34: 11.273848 | O34: 2.6093504 | P34: 0.17829781 | Q34: 67.191301 | R34: 41.946349 | S34: 23.957015 | T34: 1.2879368
B35: 非直轄市 | D35: 20816.143 | E35: 100 | F35: 6.7342169 | G35: 0.55505805 | H35: 0.27060991 | I35: 1.2833506 | J35: 3.5911208 | K35: 0.98328355 | L35: 0.050794043 | M35: 9.787925 | N35: 6.6400283 | O35: 3.0306719 | P35: 0.11722489 | Q35: 83.477858 | R35: 47.92374 | S35: 32.814031 | T35: 2.7400869
A36: 性別 | C36: ='C08'!C36 -> ***
B37: 男 | C37: ='C08'!C37 -> 0 | D37: 34519.188 | E37: 100 | F37: 11.031506 | G37: 3.2002017 | H37: 0.63869698 | I37: 1.1029961 | J37: 3.942008 | K37: 2.0318454 | L37: 0.11575794 | M37: 10.781281 | N37: 7.4937156 | O37: 3.0657114 | P37: 0.22185431 | Q37: 78.187213 | R37: 43.460911 | S37: 31.565142 | T37: 3.1611596
B38: 女 | C38: ='C08'!C38 -> 0 | D38: 36091.743 | E38: 100 | F38: 19.198152 | G38: 5.9961008 | H38: 0.47226438 | I38: 1.6957946 | J38: 7.9433728 | K38: 3.0388732 | L38: 0.051746371 | M38: 14.733979 | N38: 12.216691 | O38: 2.4158733 | P38: 0.10141492 | Q38: 66.067868 | R38: 43.945276 | S38: 21.788723 | T38: 0.33386909
A39: 年齡 | C39: ='C08'!C39 -> ***
B40: 15-未滿18歲 | C40: ='C08'!C40 -> 0 | D40: 2212.2927 | E40: 100 | F40: 43.154489 | G40: 8.3448461 | H40: 0.052284769 | I40: 4.2368841 | J40: 29.072312 | K40: 1.4334377 | L40: 0.014724434 | M40: 30.567669 | N40: 19.746052 | O40: 9.9850555 | P40: 0.83656185 | Q40: 26.277841 | R40: 14.007924 | S40: 12.162082 | T40: 0.10783527
B41: 18-未滿20歲 | C41: ='C08'!C41 -> 0 | D41: 1244.5921 | E41: 100 | F41: 27.399422 | G41: 6.3964434 | H41: 0.55804791 | I41: 3.7704085 | J41: 15.592785 | K41: 1.0817372 | L41: 0 | M41: 14.491152 | N41: 9.7731407 | O41: 4.6920909 | P41: 0.025920782 | Q41: 58.109426 | R41: 45.122987 | S41: 12.033156 | T41: 0.95328347
B42: 20-未滿30歲 | C42: ='C08'!C42 -> 0 | D42: 9701.8898 | E42: 100 | F42: 17.747568 | G42: 6.1714654 | H42: 0.7754927 | I42: 2.6730176 | J42: 5.7204331 | K42: 2.3561925 | L42: 0.050967147 | M42: 9.3151944 | N42: 7.6107166 | O42: 1.6135479 | P42: 0.09092982 | Q42: 72.937237 | R42: 52.650849 | S42: 18.825592 | T42: 1.4607956
B43: 30-未滿40歲 | C43: ='C08'!C43 -> 0 | D43: 12380.778 | E43: 100 | F43: 12.864226 | G43: 4.9615181 | H43: 0.69386392 | I43: 1.3818451 | J43: 2.8186089 | K43: 2.9934369 | L43: 0.014952755 | M43: 7.3100272 | N43: 5.8570619 | O43: 1.2961308 | P43: 0.15683447 | Q43: 79.825747 | R43: 44.809307 | S43: 33.270384 | T43: 1.7460554
B44: 40-未滿50歲 | C44: ='C08'!C44 -> 0 | D44: 15486.216 | E44: 100 | F44: 11.010597 | G44: 4.157513 | H44: 0.722009 | I44: 0.43807096 | J44: 3.9785904 | K44: 1.6824567 | L44: 0.031956526 | M44: 7.7829253 | N44: 5.989287 | O44: 1.5858657 | P44: 0.2077726 | Q44: 81.206478 | R44: 46.674108 | S44: 33.457094 | T44: 1.0752766
B45: 50-未滿60歲 | C45: ='C08'!C45 -> 0 | D45: 12901.869 | E45: 100 | F45: 11.818981 | G45: 3.8004839 | H45: 0.25740742 | I45: 1.1597856 | J45: 4.4309999 | K45: 1.9978192 | L45: 0.1724846 | M45: 9.640612 | N45: 7.6781255 | O45: 1.8231048 | P45: 0.13938172 | Q45: 78.540407 | R45: 44.680895 | S45: 31.074461 | T45: 2.7850521
B46: 60-未滿65歲 | C46: ='C08'!C46 -> 0 | D46: 5681.6279 | E46: 100 | F46: 12.848816 | G46: 2.9136039 | H46: 0.9125052 | I46: 1.2828198 | J46: 5.1559862 | K46: 2.5595997 | L46: 0.024301531 | M46: 14.4996 | N46: 10.850434 | O46: 3.6139465 | P46: 0.035219681 | Q46: 72.651584 | R46: 44.388844 | S46: 24.819748 | T46: 3.4429921
B47: 65歲及以上 | D47: 11001.665 | E47: 100 | F47: 19.693951 | G47: 4.4704189 | H47: 0.22549999 | I47: 1.1939334 | J47: 9.1413884 | K47: 4.4542891 | L47: 0.20842082 | M47: 28.187164 | N47: 22.172646 | O47: 5.8876681 | P47: 0.12685048 | Q47: 52.118885 | R47: 34.729975 | S47: 16.315489 | T47: 1.0734213
A48: 教育程度 | C48: ='C08'!C49 -> ***
B49: 小學及以下 | C49: ='C08'!C50 -> 0 | D49: 3786.5522 | E49: 100 | F49: 12.806226 | G49: 1.5882783 | H49: 0.47087837 | I49: 0.49735161 | J49: 6.6368555 | K49: 3.5451527 | L49: 0.067709261 | M49: 36.221089 | N49: 26.83057 | O49: 9.1894854 | P49: 0.20103436 | Q49: 50.972685 | R49: 40.002014 | S49: 9.2560612 | T49: 1.7146095
B50: 國(初)中 | C50: ='C08'!C51 -> 0 | D50: 4923.441 | E50: 100 | F50: 10.327877 | G50: 0.73230255 | H50: 0.29815278 | I50: 0.9282939 | J50: 5.8312263 | K50: 2.4048083 | L50: 0.13309299 | M50: 15.628747 | N50: 10.587132 | O50: 4.9483805 | P50: 0.093233861 | Q50: 74.043377 | R50: 51.973729 | S50: 17.546237 | T50: 4.5234105
B51: 高中(職) | C51: ='C08'!C52 -> 0 | D51: 18441.555 | E51: 100 | F51: 13.352754 | G51: 3.0206477 | H51: 0.080988292 | I51: 1.4166617 | J51: 6.9913126 | K51: 1.7034679 | L51: 0.13967621 | M51: 11.748445 | N51: 8.5181983 | O51: 2.9604671 | P51: 0.26977942 | Q51: 74.898801 | R51: 48.329921 | S51: 23.854896 | T51: 2.7139839
B52: 專科 | C52: ='C08'!C53 -> 0 | D52: 7922.0578 | E52: 100 | F52: 13.33243 | G52: 3.9925514 | H52: 0.098098165 | I52: 1.3510229 | J52: 5.5194531 | K52: 2.190023 | L52: 0.18128143 | M52: 12.233717 | N52: 9.0536138 | O52: 2.8398067 | P52: 0.34029652 | Q52: 74.433853 | R52: 42.323149 | S52: 30.395757 | T52: 1.7149474
B53: 大學 | C53: ='C08'!C54 -> 0 | D53: 26294.605 | E53: 100 | F53: 16.717873 | G53: 5.8962649 | H53: 0.9217312 | I53: 1.636405 | J53: 5.4324373 | K53: 2.7981475 | L53: 0.032887327 | M53: 10.969583 | N53: 9.2331806 | O53: 1.6455146 | P53: 0.090888036 | Q53: 72.312544 | R53: 43.926497 | S53: 27.53496 | T53: 0.85108667
B54: 研究所及以上 | C54: ='C08'!C55 -> 0 | D54: 9180.3552 | E54: 100 | F54: 19.883893 | G54: 8.1569744 | H54: 1.004147 | I54: 1.4125939 | J54: 5.7932252 | K54: 3.5087721 | L54: 0.0081804003 | M54: 9.4147028 | N54: 7.9402631 | O54: 1.4703716 | P54: 0.0040682049 | Q54: 70.701404 | R54: 32.02948 | S54: 37.975612 | T54: 0.69631223
B55: 不知道/無意見 | C55: ='C08'!C56 -> 0 | D55: 62.364154 | E55: 100 | F55: 5.7140495 | G55: 0 | H55: 1.8524879 | I55: 0 | J55: 3.8615617 | K55: 0 | L55: 0 | M55: 22.269641 | N55: 22.269641 | O55: 0 | P55: 0 | Q55: 72.016309 | R55: 52.922027 | S55: 19.094282 | T55: 0
C56: ='C08'!C48 -> 0
A57: 職業 | C57: ='C08'!C57 -> ***
B58: 農林漁牧 | C58: ='C08'!C58 -> 0 | D58: 1878.5858 | E58: 100 | F58: 1.6782607 | G58: 0.44746434 | H58: 0 | I58: 0.20794301 | J58: 0.79989344 | K58: 0.17461837 | L58: 0.048341579 | M58: 8.234473 | N58: 3.9466849 | O58: 3.0905489 | P58: 1.1972393 | Q58: 90.087266 | R58: 52.063953 | S58: 20.519363 | T58: 17.503951
B59: 工業 | D59: 15119.963 | E59: 100 | F59: 8.3469472 | G59: 2.4554937 | H59: 0.22615125 | I59: 1.0218761 | J59: 2.3725513 | K59: 2.0854042 | L59: 0.18547073 | M59: 4.4181409 | N59: 3.4590947 | O59: 0.89881643 | P59: 0.060229789 | Q59: 87.234912 | R59: 49.194076 | S59: 35.383006 | T59: 2.65783
B60: 批發及零售業 | D60: 3209.3125 | E60: 100 | F60: 11.519396 | G60: 3.9573492 | H60: 0.15980668 | I60: 0.52685636 | J60: 5.7913487 | K60: 1.0420623 | L60: 0.041973166 | M60: 8.0536811 | N60: 6.4384334 | O60: 0.89973261 | P60: 0.71551509 | Q60: 80.426922 | R60: 43.160242 | S60: 34.054368 | T60: 3.212313
B61: 住宿及餐飲業 | C61: ='C08'!C61 -> 0 | D61: 1980.8074 | E61: 100 | F61: 7.3743836 | G61: 2.8474211 | H61: 0.12301275 | I61: 1.0861857 | J61: 2.5236427 | K61: 0.7923702 | L61: 0.0017511164 | M61: 5.316977 | N61: 3.4057424 | O61: 1.2482278 | P61: 0.66300686 | Q61: 87.308639 | R61: 58.649619 | S61: 26.623321 | T61: 2.0356986
B62: 服務事業 | C62: ='C08'!C62 -> 0 | D62: 22814.892 | E62: 100 | F62: 16.759791 | G62: 6.6051553 | H62: 0.93521143 | I62: 1.3159797 | J62: 5.1976796 | K62: 2.6734181 | L62: 0.03234737 | M62: 9.2549395 | N62: 7.4560805 | O62: 1.7280973 | P62: 0.07076171 | Q62: 73.985269 | R62: 45.055789 | S62: 27.580659 | T62: 1.3488209
B63: 軍公教 | C63: ='C08'!C63 -> 0 | D63: 4158.5921 | E63: 100 | F63: 13.768021 | G63: 3.6973835 | H63: 0.94842613 | I63: 1.7932424 | J63: 5.3999712 | K63: 1.914941 | L63: 0.014056426 | M63: 7.4083385 | N63: 6.1651229 | O63: 1.2432156 | P63: 0 | Q63: 78.823641 | R63: 40.615799 | S63: 38.171393 | T63: 0.036448964
B64: 學生(部分工時就業) | C64: ='C08'!C64 -> 0 | D64: 174.31089 | E64: 100 | F64: 24.116534 | G64: 4.0025705 | H64: 1.5895796 | I64: 3.2238272 | J64: 15.300557 | K64: 0 | L64: 0 | M64: 10.239718 | N64: 7.1979976 | O64: 2.9689572 | P64: 0.072763008 | Q64: 65.643748 | R64: 62.899567 | S64: 2.7441808 | T64: 0
B65: 料理家事 | C65: ='C08'!C65 -> 0 | D65: 6245.5691 | E65: 100 | F65: 16.491023 | G65: 5.186631 | H65: 0.33880718 | I65: 0.992224 | J65: 5.4477173 | K65: 4.3527988 | L65: 0.17284448 | M65: 22.254308 | N65: 17.677833 | O65: 4.441478 | P65: 0.13499677 | Q65: 61.254669 | R65: 43.166055 | S65: 17.957499 | T65: 0.13111503
B66: 退休人員 | C66: ='C08'!C66 -> 0 | D66: 8794.4337 | E66: 100 | F66: 18.059645 | G66: 3.4268907 | H66: 0.16519385 | I66: 1.37997 | J66: 9.0943152 | K66: 3.9162453 | L66: 0.077030048 | M66: 29.414662 | N66: 23.3642 | O66: 5.9250497 | P66: 0.1254128 | Q66: 52.525693 | R66: 34.246006 | S66: 18.107305 | T66: 0.17238098
B67: 學生 | C67: ='C08'!C67 -> 0 | D67: 4247.7761 | E67: 100 | F67: 38.867821 | G67: 8.7585037 | H67: 1.1633859 | I67: 4.8029363 | J67: 21.775647 | K67: 2.359679 | L67: 0.007668662 | M67: 24.279766 | N67: 15.902429 | O67: 8.2263464 | P67: 0.1509903 | Q67: 36.852413 | R67: 25.966308 | S67: 10.785831 | T67: 0.10027341
B68: 未就業者 | D68: 1862.2946 | E68: 100 | F68: 11.223282 | G68: 2.1829313 | H68: 0.45515564 | I68: 1.4814389 | J68: 5.6649237 | K68: 1.3076985 | L68: 0.13113377 | M68: 21.721324 | N68: 17.05346 | O68: 4.4882255 | P68: 0.17963822 | Q68: 67.055394 | R68: 50.609274 | S68: 16.406184 | T68: 0.039936641
B69: 不知道/無意見 | D69: 124.39373 | E69: 100 | F69: 8.8695598 | G69: 0 | H69: 0 | I69: 0.46622016 | J69: 8.4033396 | K69: 0 | L69: 0 | M69: 2.2498032 | N69: 2.2498032 | O69: 0 | P69: 0 | Q69: 88.880637 | R69: 55.136488 | S69: 33.744149 | T69: 0
A70: 外出目的 | C70: ='C08'!C70 -> ***
B71: 通勤 | C71: ='C08'!C71 -> 0 | D71: 31607 | E71: 100 | F71: 13.606961 | G71: 5.7167237 | H71: 0.32238471 | I71: 1.1101117 | J71: 5.0393488 | K71: 1.3403045 | L71: 0.078087521 | M71: 6.2902719 | N71: 4.8298997 | O71: 1.2971456 | P71: 0.16322659 | Q71: 80.102767 | R71: 48.856462 | S71: 29.28671 | T71: 1.9595951
B72: 通學 | C72: ='C08'!C72 -> 0 | D72: 3606.8269 | E72: 100 | F72: 38.165368 | G72: 9.0635979 | H72: 0.10976862 | I72: 3.5673092 | J72: 24.484742 | K72: 0.93091967 | L72: 0.0090314175 | M72: 24.897664 | N72: 16.390649 | O72: 8.1701667 | P72: 0.33684842 | Q72: 36.936968 | R72: 27.762159 | S72: 9.1669581 | T72: 0.0078499815
B73: 公(商)務 | C73: ='C08'!C73 -> 0 | D73: 3348.0547 | E73: 100 | F73: 13.903589 | G73: 2.3989735 | H73: 3.023647 | I73: 0.61183237 | J73: 1.5955579 | K73: 6.2669055 | L73: 0.0066727035 | M73: 2.7532791 | N73: 1.6133393 | O73: 1.1399398 | P73: 0 | Q73: 83.343132 | R73: 22.604939 | S73: 49.128255 | T73: 11.609939
B74: 購物 | C74: ='C08'!C74 -> 0 | D74: 11328.844 | E74: 100 | F74: 6.5640602 | G74: 2.0531787 | H74: 0 | I74: 0.41793393 | J74: 3.3495882 | K74: 0.71563851 | L74: 0.027720958 | M74: 17.349131 | N74: 12.62285 | O74: 4.4669125 | P74: 0.2593689 | Q74: 76.086809 | R74: 59.222534 | S74: 16.317273 | T74: 0.5470018
B75: 家庭及個人活動 | C75: ='C08'!C75 -> 0 | D75: 11810.022 | E75: 100 | F75: 17.32254 | G75: 4.6849449 | H75: 0.25336943 | I75: 1.1210738 | J75: 6.5374233 | K75: 4.6969753 | L75: 0.028753148 | M75: 9.8973776 | N75: 8.2087437 | O75: 1.6166029 | P75: 0.072031018 | Q75: 72.780082 | R75: 39.033991 | S75: 32.919439 | T75: 0.82665188
B76: 休閒 | C76: ='C08'!C76 -> 0 | D76: 8910.1833 | E76: 100 | F76: 20.254302 | G76: 3.0164856 | H76: 1.7273473 | I76: 3.5130234 | J76: 6.1365825 | K76: 5.5593165 | L76: 0.30154683 | M76: 32.846227 | N76: 27.212963 | O76: 5.5035948 | P76: 0.12966933 | Q76: 46.89947 | R76: 26.302465 | S76: 20.105999 | T76: 0.49100652
A77: 出發時間 | C77: ='C08'!C77 -> ***
B78: 7時以前 | C78: ='C08'!C78 -> 0 | D78: 4683.79 | E78: 100 | F78: 19.486986 | G78: 3.553259 | H78: 1.3902975 | I78: 2.6367194 | J78: 8.3486765 | K78: 3.4500812 | L78: 0.10795236 | M78: 17.117371 | N78: 13.124263 | O78: 3.886269 | P78: 0.10683827 | Q78: 63.395643 | R78: 34.168001 | S78: 26.082221 | T78: 3.145421
B79: 7時-未滿9時 | C79: ='C08'!C79 -> 0 | D79: 17142.863 | E79: 100 | F79: 13.795959 | G79: 4.4135043 | H79: 0.40801137 | I79: 1.4042002 | J79: 5.7174279 | K79: 1.8392246 | L79: 0.013590355 | M79: 11.320499 | N79: 8.5007702 | O79: 2.6049355 | P79: 0.2147929 | Q79: 74.883543 | R79: 47.557387 | S79: 26.030763 | T79: 1.2953921
B80: 9時-未滿11時 | D80: 7721.1326 | E80: 100 | F80: 14.645108 | G80: 3.6287855 | H80: 0.52019652 | I80: 0.89021641 | J80: 6.1421888 | K80: 3.1660157 | L80: 0.29770498 | M80: 15.771235 | N80: 11.819813 | O80: 3.8361104 | P80: 0.11531204 | Q80: 69.583657 | R80: 44.669514 | S80: 23.097406 | T80: 1.8167375
B81: 11時-未滿13時 | D81: 5848.772 | E81: 100 | F81: 13.705545 | G81: 4.1512516 | H81: 0.3242459 | I81: 0.70558094 | J81: 5.0838189 | K81: 3.1144667 | L81: 0.32618128 | M81: 16.145031 | N81: 12.905556 | O81: 2.9380253 | P81: 0.30144991 | Q81: 70.149424 | R81: 44.41366 | S81: 23.459819 | T81: 2.2759447
B82: 13時-未滿15時 | D82: 3827.1054 | E82: 100 | F82: 18.028317 | G82: 4.6846266 | H82: 0.16287768 | I82: 1.546865 | J82: 7.0251383 | K82: 4.5350624 | L82: 0.073747078 | M82: 12.511041 | N82: 9.766937 | O82: 2.6657447 | P82: 0.078359311 | Q82: 69.460642 | R82: 37.542316 | S82: 28.974958 | T82: 2.9433686
B83: 15時-未滿17時 | C83: ='C08'!C83 -> 0 | D83: 6544.4596 | E83: 100 | F83: 16.575997 | G83: 4.0173334 | H83: 0.45978564 | I83: 1.6998043 | J83: 7.5627656 | K83: 2.8040315 | L83: 0.032276476 | M83: 14.211428 | N83: 10.708445 | O83: 3.3699696 | P83: 0.13301294 | Q83: 69.212575 | R83: 35.88603 | S83: 30.613629 | T83: 2.7129165
B84: 17時-未滿19時 | C84: ='C08'!C84 -> 0 | D84: 15609.162 | E84: 100 | F84: 15.594676 | G84: 5.2079871 | H84: 0.74290938 | I84: 1.6131906 | J84: 5.8080709 | K84: 2.2061169 | L84: 0.016400718 | M84: 9.7666942 | N84: 7.7138936 | O84: 1.8565111 | P84: 0.19628948 | Q84: 74.63863 | R84: 45.548939 | S84: 27.73493 | T84: 1.3547605
B85: 19時-未滿22時 | C85: ='C08'!C85 -> 0 | D85: 7146.8428 | E85: 100 | F85: 14.87963 | G85: 6.7573598 | H85: 0.45342348 | I85: 0.94409103 | J85: 4.589184 | K85: 2.1182739 | L85: 0.017297876 | M85: 12.746302 | N85: 10.613822 | O85: 2.11793 | P85: 0.014549586 | Q85: 72.374068 | R85: 44.21824 | S85: 27.51525 | T85: 0.64057819
B86: 22時以後 | C86: ='C08'!C86 -> 0 | D86: 1190.8025 | E86: 100 | F86: 14.27999 | G86: 4.590341 | H86: 0.42654308 | I86: 0.62832483 | J86: 5.1450988 | K86: 3.489682 | L86: 0 | M86: 9.134319 | N86: 6.7299997 | O86: 2.4043193 | P86: 0 | Q86: 76.585691 | R86: 46.763612 | S86: 29.20196 | T86: 0.6201195
B87: 拒答 | C87: ='C08'!C87 -> 0 | D87: 896.0008 | E87: 100 | F87: 9.4159927 | G87: 3.3538883 | H87: 0.77654842 | I87: 2.3842042 | J87: 2.818693 | K87: 0.031981538 | L87: 0.050677301 | M87: 20.296467 | N87: 15.534473 | O87: 4.6010987 | P87: 0.16089515 | Q87: 70.28754 | R87: 50.341439 | S87: 18.372191 | T87: 1.5739103
A90: 年度別 | C90: ***
B91: 98年度 | D91: 51584.02 | E91: 100 | F91: 16.280609 | G91: 3.7090932 | H91: 0.21082816 | I91: 1.1162884 | J91: 8.4437961 | K91: 2.7018489 | L91: 0.098754229 | M91: 12.327537 | N91: 6.695967 | O91: 5.6315696 | P91: 0 | Q91: 71.391854 | R91: 46.80331 | S91: 23.457603 | T91: 1.1309405
B92: 99年度 | D92: 82437.596 | E92: 100 | F92: 16.628927 | G92: 3.802298 | H92: 0.16986381 | I92: 1.2770262 | J92: 8.754611 | K92: 2.5504397 | L92: 0.074688593 | M92: 12.139913 | N92: 7.0235218 | O92: 5.1163912 | P92: 0 | Q92: 71.23116 | R92: 45.383136 | S92: 23.336453 | T92: 2.5115709
B93: 100年度 | D93: 82848.941 | E93: 100 | F93: 17.479405 | G93: 4.0819663 | H93: 0.28091738 | I93: 1.4826407 | J93: 8.8945129 | K93: 2.6333217 | L93: 0.10604579 | M93: 10.880159 | N93: 6.2968879 | O93: 4.5832715 | P93: 0 | Q93: 71.640436 | R93: 45.879358 | S93: 24.271088 | T93: 1.4899898
B94: 101年度 | D94: 82720.677 | E94: 100 | F94: 17.49447 | G94: 4.0305802 | H94: 0.22762123 | I94: 1.4030302 | J94: 9.2240232 | K94: 2.4529105 | L94: 0.15630492 | M94: 11.780346 | N94: 6.9346238 | O94: 4.8457221 | P94: 0 | Q94: 70.725184 | R94: 45.482587 | S94: 23.726929 | T94: 1.5156686
B95: 102年度 | D95: 78529.518 | E95: 100 | F95: 17.804581 | G95: 4.4632724 | H95: 0.24562784 | I95: 1.4108087 | J95: 9.1864925 | K95: 2.3780373 | L95: 0.12034228 | M95: 11.78012 | N95: 7.1383752 | O95: 4.6417444 | P95: 0 | Q95: 70.415299 | R95: 45.486326 | S95: 23.910555 | T95: 1.0184188
B96: 103年度 | D96: 81532.156 | E96: 100 | F96: 17.853988 | G96: 4.8316028 | H96: 0.34690258 | I96: 1.5138491 | J96: 8.6912311 | K96: 2.339031 | L96: 0.13137117 | M96: 11.31842 | N96: 7.2524051 | O96: 4.0660153 | P96: 0 | Q96: 70.827592 | R96: 45.338939 | S96: 24.398451 | T96: 1.090202
B97: 104年度 | D97: 80971.411 | E97: 100 | F97: 17.948433 | G97: 4.7084357 | H97: 0.32124061 | I97: 1.6600074 | J97: 8.6978199 | K97: 2.3674797 | L97: 0.19344948 | M97: 10.735394 | N97: 6.7940732 | O97: 3.9413203 | P97: 0 | Q97: 71.316174 | R97: 46.352925 | S97: 23.900541 | T97: 1.0627078
B98: 105年度 | D98: 82778.835 | E98: 100 | F98: 18.126402 | G98: 5.0920199 | H98: 0.37083226 | I98: 1.4107893 | J98: 8.8434952 | K98: 2.2336128 | L98: 0.17565315 | M98: 11.230207 | N98: 7.0958549 | O98: 4.1343524 | P98: 0 | Q98: 70.64339 | R98: 45.906607 | S98: 23.739087 | T98: 0.99769569
B99: 109年度 | D99: 75783.37 | E99: 100 | F99: 15.965485 | G99: 4.4407239 | H99: 0.4862369 | I99: 1.3266518 | J99: 7.2884364 | K99: 2.2662027 | L99: 0.15723355 | M99: 11.721092 | N99: 8.5479708 | O99: 3.1731212 | P99: 0 | Q99: 72.313423 | R99: 45.184155 | S99: 25.829686 | T99: 1.2995825
B100: 111年度 | D100: 74147.463 | E100: 100 | F100: 14.272804 | G100: 4.0275204 | H100: 0.28636498 | I100: 1.1742303 | J100: 6.0112833 | K100: 2.7179467 | L100: 0.055458484 | M100: 13.383618 | N100: 10.013173 | O100: 3.0227603 | P100: 0.34768462 | Q100: 72.343578 | R100: 45.796668 | S100: 24.975566 | T100: 1.5713439
B101: 113年度 | D101: =D$9 -> 70610.93 | E101: =E$9 -> 100 | F101: =F$9 -> 15.205768 | G101: =G$9 -> 4.6292845 | H101: =H$9 -> 0.55362739 | I101: =I$9 -> 1.4059964 | J101: =J$9 -> 5.987247 | K101: =K$9 -> 2.5465729 | ... T101: =T$9 -> 1.7160315

Sheet C12
E1: 附表12 | F1: 通勤學民眾運具次數市占率─按各運具分 | M1: 通勤學民眾運具次數市占率–按各運具分(續完)
F2: 《平日市話及手機》 | M2: 《平日市話及手機》
E3: 調查對象 | F3: 為昨天外出目的為通勤學民眾，以運具次數角度做分析。 | M3: 為昨天外出目的為通勤學民眾，以運具次數角度做分析。
L4: 單位：運具次數；% | T4: 單位：運具次數；%
A5: 項目別 | D5: 樣本數 | E5: 總計
F6: 公共 運輸 | M6: 非機動運具 | Q6: 私人機動運具
G7: 捷運 | H7: 高鐵 | I7: 臺鐵 | J7: 汽車 客運 | K7: 計程車 | L7: 其他公共運輸 | N7: 步行 | O7: 自行車 | P7: 微型電動二輪車 | R7: 機車 | S7: 自用 小客車 | T7: 其他私人機動運具
G8: 捷運 | H8: 高鐵 | I8: 臺鐵 | J8: 國道客運 | L8: 渡輪
A9: 全體 | D9: 35213.827 | E9: 100 | F9: 16.122391 | G9: 6.0595321 | H9: 0.30060721 | I9: 1.3617937 | J9: 7.0310711 | K9: 1.2983727 | L9: 0.07101435 | M9: 8.1961608 | N9: 6.0140261 | O9: 2.0011247 | P9: 0.18101005 | Q9: 75.681448 | R9: 46.695848 | S9: 27.225916 | T9: 1.7596848
A10: 居住縣市 | C10: ='C08'!C10 -> ***
B11: 新北市 | C11: ='C08'!C11 -> 0 | D11: 6920.0757 | E11: 100 | F11: 30.246852 | G11: 14.450555 | H11: 0.022771099 | I11: 1.6705503 | J11: 11.284336 | K11: 2.8186395 | L11: 0 | M11: 11.072769 | N11: 10.174459 | O11: 0.70310478 | P11: 0.1952055 | Q11: 58.680379 | R11: 40.92104 | S11: 17.341702 | T11: 0.4176368
B12: 臺北市 | C12: ='C08'!C12 -> 0 | D12: 4007.8581 | E12: 100 | F12: 38.873937 | G12: 20.067805 | H12: 0.16806605 | I12: 0.70663224 | J12: 15.412363 | K12: 2.5190712 | L12: 0 | M12: 18.359932 | N12: 15.041631 | O12: 3.2877731 | P12: 0.030528207 | Q12: 42.76613 | R12: 24.146634 | S12: 17.790577 | T12: 0.82891904
B13: 桃園市 | C13: ='C08'!C13 -> 0 | D13: 3877.2483 | E13: 100 | F13: 15.1373 | G13: 4.3246436 | H13: 0.34299104 | I13: 2.233581 | J13: 7.6714865 | K13: 0.56459814 | L13: 0 | M13: 8.8218663 | N13: 5.7806223 | O13: 2.8348368 | P13: 0.20640711 | Q13: 76.040833 | R13: 44.488668 | S13: 30.36206 | T13: 1.1901059
B14: 臺中市 | C14: ='C08'!C14 -> 0 | D14: 3871.2029 | E14: 100 | F14: 6.4730448 | G14: 0.31627761 | H14: 0 | I14: 0.36323718 | J14: 5.6492055 | K14: 0.14432459 | L14: 0 | M14: 5.2892633 | N14: 3.6680567 | O14: 1.3769738 | P14: 0.24423278 | Q14: 88.237692 | R14: 53.044498 | S14: 34.197569 | T14: 0.99562472
B15: 臺南市 | C15: ='C08'!C15 -> 0 | D15: 2784.792 | E15: 100 | F15: 3.3609841 | G15: 0 | H15: 0.03917084 | I15: 1.2212883 | J15: 2.0224055 | K15: 0.078119442 | L15: 0 | M15: 4.7428754 | N15: 1.1747231 | O15: 2.9919054 | P15: 0.57624689 | Q15: 91.896141 | R15: 58.922142 | S15: 30.191015 | T15: 2.7829837
B16: 高雄市 | C16: ='C08'!C16 -> 0 | D16: 4146.6655 | E16: 100 | F16: 10.617575 | G16: 2.5028033 | H16: 1.5904576 | I16: 1.4055626 | J16: 2.1885442 | K16: 2.3644784 | L16: 0.56572922 | M16: 4.3050086 | N16: 2.5117779 | O16: 1.6378314 | P16: 0.15539932 | Q16: 85.077416 | R16: 59.632476 | S16: 23.50823 | T16: 1.93671
B17: 宜蘭縣 | C17: ='C08'!C17 -> 0 | D17: 610.82686 | E17: 100 | F17: 7.9488055 | G17: 0.60677776 | H17: 0.1496516 | I17: 1.5023954 | J17: 5.3906775 | K17: 0.2993032 | L17: 0 | M17: 5.5304027 | N17: 3.4113984 | O17: 1.9152971 | P17: 0.20370717 | Q17: 86.520792 | R17: 44.371179 | S17: 40.468082 | T17: 1.6815308
B18: 新竹縣 | C18: ='C08'!C18 -> 0 | D18: 926.3587 | E18: 100 | F18: 6.9461382 | G18: 0.25690805 | H18: 0.5046315 | I18: 1.0825356 | J18: 3.0812736 | K18: 2.0207895 | L18: 0 | M18: 5.865061 | N18: 5.2488143 | O18: 0.6162467 | P18: 0 | Q18: 87.188801 | R18: 46.918573 | S18: 39.232439 | T18: 1.0377889
B19: 苗栗縣 | C19: ='C08'!C19 -> 0 | D19: 722.96353 | E19: 100 | F19: 7.9476699 | G19: 0.1123709 | H19: 0.09851935 | I19: 2.8551658 | J19: 4.8816138 | K19: 0 | L19: 0 | M19: 4.7975633 | N19: 2.1571137 | O19: 2.4798272 | P19: 0.16062235 | Q19: 87.254767 | R19: 41.735302 | S19: 42.554883 | T19: 2.9645815
B20: 彰化縣 | C20: ='C08'!C20 -> 0 | D20: 1773.0395 | E20: 100 | F20: 4.2227561 | G20: 0.080961373 | H20: 0.080961373 | I20: 1.3834338 | J20: 2.6773996 | K20: 0 | L20: 0 | M20: 4.3684244 | N20: 1.269329 | O20: 3.0990954 | P20: 0 | Q20: 91.408819 | R20: 52.786011 | S20: 35.660575 | T20: 2.9622335
B21: 南投縣 | C21: ='C08'!C21 -> 0 | D21: 602.60151 | E21: 100 | F21: 3.5357018 | G21: 0 | H21: 0.18392765 | I21: 0.061411615 | J21: 3.0134326 | K21: 0.27692991 | L21: 0 | M21: 4.8127157 | N21: 4.534013 | O21: 0.1854997 | P21: 0.093202959 | Q21: 91.651583 | R21: 47.572502 | S21: 35.735584 | T21: 8.343496
B22: 雲林縣 | C22: ='C08'!C22 -> 0 | D22: 866.42198 | E22: 100 | F22: 6.1565885 | G22: 0 | H22: 0 | I22: 0.75597946 | J22: 5.4006091 | K22: 0 | L22: 0 | M22: 6.6545691 | N22: 1.2201546 | O22: 5.2287764 | P22: 0.20563806 | Q22: 87.188842 | R22: 46.760022 | S22: 34.909697 | T22: 5.5191228
... B32: 連江縣 | C32: ='C08'!C32 -> 0 | D32: 14.127693 | E32: 100 | F32: 7.4753593 | G32: 0.056613386 | H32: 0.056613386 | I32: 0 | J32: 3.0740437 | K32: 0.056613386 | L32: 4.2314754 | M32: 6.10174 | N32: 6.10174 | O32: 0 | P32: 0 | Q32: 86.422901 | R32: 45.366242 | S32: 40.831512 | T32: 0.22514739
A33: 是否為直轄市 | C33: ***
B34: 直轄市 | D34: 25607.842 | E34: 100 | F34: 19.613072 | G34: 8.1536831 | H34: 0.3461909 | I34: 1.3155408 | J34: 8.0514256 | K34: 1.6546229 | L34: 0.091608257 | M34: 9.2139012 | N34: 7.0678468 | O34: 1.9325232 | P34: 0.21353117 | Q34: 71.173027 | R34: 45.656109 | S34: 24.327369 | T34: 1.1895492
B35: 非直轄市 | D35: 9605.9843 | E35: 100 | F35: 6.8168588 | G35: 0.47689864 | H35: 0.17908918 | I35: 1.4850957 | J35: 4.3109877 | K35: 0.34867302 | L35: 0.016114664 | M35: 5.4830462 | N35: 3.2047278 | O35: 2.1840039 | P35: 0.094314556 | Q35: 87.700095 | R35: 49.467605 | S35: 34.952925 | T35: 3.2795648
A36: 性別 | C36: ='C08'!C36 -> ***
B37: 男 | C37: ='C08'!C37 -> 0 | D37: 18371.892 | E37: 100 | F37: 11.424525 | G37: 4.3362763 | H37: 0.43530395 | I37: 1.0112293 | J37: 4.5728505 | K37: 0.93563432 | L37: 0.1332301 | M37: 6.3932058 | N37: 3.9430472 | O37: 2.2034525 | P37: 0.24670617 | Q37: 82.18227 | R37: 46.904028 | S37: 32.180884 | T37: 3.0973571
B38: 女 | C38: ='C08'!C38 -> 0 | D38: 16841.935 | E38: 100 | F38: 21.247022 | G38: 7.939332 | H38: 0.15367432 | I38: 1.744204 | J38: 9.7126017 | K38: 1.694063 | L38: 0.0031467908 | M38: 10.1629 | N38: 8.2731371 | O38: 1.780417 | P38: 0.10934596 | Q38: 68.590078 | R38: 46.468755 | S38: 21.820827 | T38: 0.3004955
A39: 年齡 | C39: ='C08'!C39 -> ***
B40: 15-未滿18歲 | C40: ='C08'!C40 -> 0 | D40: 1945.2966 | E40: 100 | F40: 45.129942 | G40: 8.09683 | H40: 0.0394619 | I40: 4.1521522 | J40: 31.379936 | K40: 1.4448164 | L40: 0.016745394 | M40: 30.30929 | N40: 19.901247 | O40: 9.8281248 | P40: 0.57991891 | Q40: 24.560767 | R40: 12.73549 | S40: 11.750959 | T40: 0.074317955
B41: 18-未滿20歲 | C41: ='C08'!C41 -> 0 | D41: 818.94486 | E41: 100 | F41: 29.792362 | G41: 7.8962905 | H41: 0.020308724 | I41: 2.7604351 | J41: 18.742401 | K41: 0.37292632 | L41: 0 | M41: 14.976422 | N41: 10.147036 | O41: 4.7899931 | P41: 0.03939313 | Q41: 55.231216 | R41: 44.660188 | S41: 10.046637 | T41: 0.52439131
B42: 20-未滿30歲 | C42: ='C08'!C42 -> 0 | D42: 5956.513 | E42: 100 | F42: 17.221219 | G42: 7.9524622 | H42: 0.13617335 | I42: 1.9636794 | J42: 6.8940967 | K42: 0.26054667 | L42: 0.014260395 | M42: 8.5213946 | N42: 6.7510015 | O42: 1.7498521 | P42: 0.020540998 | Q42: 74.257387 | R42: 56.190468 | S42: 17.151839 | T42: 0.9150802
B43: 30-未滿40歲 | C43: ='C08'!C43 -> 0 | D43: 7600.6588 | E43: 100 | F43: 14.519035 | G43: 5.5585043 | H43: 0.4912932 | I43: 1.4644268 | J43: 3.6942427 | K43: 3.3102255 | L43: 0.00034221295 | M43: 4.5741008 | N43: 3.4342339 | O43: 1.0439862 | P43: 0.095880763 | Q43: 80.906864 | R43: 47.619318 | S43: 31.695794 | T43: 1.5917528
B44: 40-未滿50歲 | C44: ='C08'!C44 -> 0 | D44: 8859.1651 | E44: 100 | F44: 12.416531 | G44: 5.7487547 | H44: 0.54895 | I44: 0.53040453 | J44: 4.9980549 | K44: 0.58775441 | L44: 0.0026120596 | M44: 6.7844896 | N44: 5.4588086 | O44: 1.0123472 | P44: 0.31333382 | Q44: 80.79898 | R44: 48.375062 | S44: 31.554077 | T44: 0.86984134
B45: 50-未滿60歲 | C45: ='C08'!C45 -> 0 | D45: 6696.9728 | E45: 100 | F45: 12.74386 | G45: 5.1708431 | H45: 0.029760587 | I45: 1.2559789 | J45: 4.9360021 | K45: 1.0425225 | L45: 0.30875324 | M45: 6.7188743 | N45: 4.819613 | O45: 1.6802918 | P45: 0.21896948 | Q45: 80.537265 | R45: 45.10562 | S45: 32.472291 | T45: 2.9593551
B46: 60-未滿65歲 | C46: ='C08'!C46 -> 0 | D46: 1956.3628 | E46: 100 | F46: 11.965722 | G46: 4.4359296 | H46: 0.39014369 | I46: 0.37824144 | J46: 5.9787885 | K46: 0.78261877 | L46: 0 | M46: 7.1857714 | N46: 5.8401163 | O46: 1.3156412 | P46: 0.030013826 | Q46: 80.848507 | R46: 46.53309 | S46: 28.953867 | T46: 5.3615504
B47: 65歲及以上 | D47: 1379.9127 | E47: 100 | F47: 17.286848 | G47: 5.2961755 | H47: 0.087727093 | I47: 0.68025307 | J47: 9.438018 | K47: 1.5747222 | L47: 0.20995261 | M47: 9.2105655 | N47: 4.6203089 | O47: 4.5456558 | P47: 0.044600856 | Q47: 73.502586 | R47: 46.875527 | S47: 22.403434 | T47: 4.2236254
A48: 教育程度 | C48: ='C08'!C49 -> ***
B49: 小學及以下 | C49: ='C08'!C50 -> 0 | D49: 511.27099 | E49: 100 | F49: 4.896633 | G49: 1.6662176 | H49: 0 | I49: 1.0476 | J49: 2.1828154 | K49: 0 | L49: 0 | M49: 10.984687 | N49: 6.0755968 | O49: 4.9090903 | P49: 0 | Q49: 84.11868 | R49: 58.154469 | S49: 17.877676 | T49: 8.0865347
B50: 國(初)中 | C50: ='C08'!C51 -> 0 | D50: 1863.6639 | E50: 100 | F50: 5.2938095 | G50: 0.28099038 | H50: 0.03821821 | I50: 0.1035646 | J50: 4.6731561 | K50: 0.04242498 | L50: 0.15545522 | M50: 10.039382 | N50: 5.5847319 | O50: 4.415459 | P50: 0.039191312 | Q50: 84.666808 | R50: 56.356388 | S50: 21.372376 | T50: 6.9380443
B51: 高中(職) | C51: ='C08'!C52 -> 0 | D51: 9147.2514 | E51: 100 | F51: 14.880837 | G51: 3.0550228 | H51: 0.0083921496 | I51: 1.362098 | J51: 9.215824 | K51: 1.0101864 | L51: 0.22931408 | M51: 8.7835859 | N51: 5.2649557 | O51: 3.1106287 | P51: 0.40800157 | Q51: 76.335577 | R51: 48.786758 | S51: 24.569169 | T51: 2.9796493
B52: 專科 | C52: ='C08'!C53 -> 0 | D52: 3671.6422 | E52: 100 | F52: 13.435612 | G52: 5.20353 | H52: 0 | I52: 0.84084951 | J52: 7.1098658 | K52: 0.2780081 | L52: 0.0033586965 | M52: 6.9237282 | N52: 5.1699998 | O52: 1.3609429 | P52: 0.39278557 | Q52: 79.64066 | R52: 46.631411 | S52: 31.333475 | T52: 1.6757744
B53: 大學 | C53: ='C08'!C54 -> 0 | D53: 14824.583 | E53: 100 | F53: 17.311984 | G53: 7.1405774 | H53: 0.47859113 | I53: 1.493835 | J53: 6.0484424 | K53: 2.1437223 | L53: 0.0068160643 | M53: 8.0590888 | N53: 6.6203419 | O53: 1.3652603 | P53: 0.073486634 | Q53: 74.628927 | R53: 48.335969 | S53: 25.587246 | T53: 0.70571238
B54: 研究所及以上 | C54: ='C08'!C55 -> 0 | D54: 5169.3832 | E54: 100 | F54: 21.911555 | G54: 11.432138 | H54: 0.64661968 | I54: 1.8441498 | J54: 7.2921149 | K54: 0.69653173 | L54: 0 | M54: 7.5545269 | N54: 6.3791865 | O54: 1.1681157 | P54: 0.0072247626 | Q54: 70.533918 | R54: 33.589309 | S54: 36.7453 | T54: 0.19930929
B55: 不知道/無意見 | C55: ='C08'!C56 -> 0 | D55: 26.031706 | E55: 100 | F55: 0 | G55: 0 | H55: 0 | I55: 0 | J55: 0 | K55: 0 | L55: 0 | M55: 0 | N55: 0 | O55: 0 | P55: 0 | Q55: 100 | R55: 73.073029 | S55: 26.926971 | T55: 0
C56: ='C08'!C48 -> 0
A57: 職業 | C57: ='C08'!C57 -> ***
B58: 農林漁牧 | C58: ='C08'!C58 -> 0 | D58: 917.59608 | E58: 100 | F58: 0.24526557 | G58: 0 | H58: 0 | I58: 0 | J58: 0.24526557 | K58: 0 | L58: 0 | M58: 8.7764969 | N58: 2.9384485 | O58: 3.3869517 | P58: 2.4510967 | Q58: 90.978238 | R58: 52.045055 | S58: 16.827399 | T58: 22.105784
B59: 工業 | D59: 10540.323 | E59: 100 | F59: 7.1079686 | G59: 2.6810189 | H59: 0.022355197 | I59: 0.84640863 | J59: 2.4534299 | K59: 0.88109737 | L59: 0.22365855 | M59: 3.7266126 | N59: 2.8438097 | O59: 0.86549376 | P59: 0.017309109 | Q59: 89.165419 | R59: 52.714564 | S59: 34.744896 | T59: 1.705959
B60: 批發及零售業 | D60: 1940.1571 | E60: 100 | F60: 13.999115 | G60: 5.8102007 | H60: 0.02902403 | I60: 0.65263902 | J60: 6.9931388 | K60: 0.51411271 | L60: 0 | M60: 7.1414056 | N60: 5.0431898 | O60: 0.91464597 | P60: 1.1835699 | Q60: 78.859479 | R60: 43.138374 | S60: 34.023701 | T60: 1.6974042
B61: 住宿及餐飲業 | C61: ='C08'!C61 -> 0 | D61: 1200.3188 | E61: 100 | F61: 9.003423 | G61: 4.2342205 | H61: 0 | I61: 0.73019798 | J61: 3.2868324 | K61: 0.75217205 | L61: 0 | M61: 4.997148 | N61: 2.8032864 | O61: 1.6343957 | P61: 0.55946589 | Q61: 85.999429 | R61: 67.366899 | S61: 15.862125 | T61: 2.7704054
B62: 服務事業 | C62: ='C08'!C62 -> 0 | D62: 14532.543 | E62: 100 | F62: 19.628311 | G62: 8.8129009 | H62: 0.52756252 | I62: 1.4245437 | J62: 6.9301079 | K62: 1.9291441 | L62: 0.0040524705 | M62: 8.1684609 | N62: 6.6096429 | O62: 1.5311941 | P62: 0.027623867 | Q62: 72.203228 | R62: 46.3923 | S62: 24.642262 | T62: 1.1686661
B63: 軍公教 | C63: ='C08'!C63 -> 0 | D63: 2711.9178 | E63: 100 | F63: 14.041614 | G63: 4.2897562 | H63: 0.82260847 | I63: 1.1723225 | J63: 6.5141508 | K63: 1.2236802 | L63: 0.01909581 | M63: 6.4234051 | N63: 5.1627489 | O63: 1.2606562 | P63: 0 | Q63: 79.534981 | R63: 42.165452 | S63: 37.333611 | T63: 0.035917851
B64: 學生(部分工時就業) | C64: ='C08'!C64 -> 0 | D64: 144.21973 | E64: 100 | F64: 27.039456 | G64: 4.6801595 | H64: 1.9212423 | I64: 2.7398259 | J64: 17.698228 | K64: 0 | L64: 0 | M64: 9.5366422 | N64: 6.5325051 | O64: 3.004137 | P64: 0 | Q64: 63.423902 | R64: 61.589478 | S64: 1.8344239 | T64: 0
B65: 料理家事 | C65: ='C08'!C65 -> 0 | D65: 0 | E65: 0 | F65: 0 | G65: 0 | H65: 0 | I65: 0 | J65: 0 | K65: 0 | L65: 0 | M65: 0 | N65: 0 | O65: 0 | P65: 0 | Q65: 0 | R65: 0 | S65: 0 | T65: 0
B66: 退休人員 | C66: ='C08'!C66 -> 0 | D66: 0 | E66: 0 | F66: 0 | G66: 0 | H66: 0 | I66: 0 | J66: 0 | K66: 0 | L66: 0 | M66: 0 | N66: 0 | O66: 0 | P66: 0 | Q66: 0 | R66: 0 | S66: 0 | T66: 0
B67: 學生 | C67: ='C08'!C67 -> 0 | D67: 3151.5039 | E67: 100 | F67: 40.071777 | G67: 9.0062057 | H67: 0.03770751 | I67: 3.9838877 | J67: 26.024781 | K67: 1.0088595 | L67: 0.010336259 | M67: 26.631082 | N67: 17.438813 | O67: 9.0103875 | P67: 0.1818822 | Q67: 33.29714 | R67: 24.044916 | S67: 9.2522247 | T67: 0
B68: 未就業者 | D68: 0 | E68: 0 | F68: 0 | G68: 0 | H68: 0 | I68: 0 | J68: 0 | K68: 0 | L68: 0 | M68: 0 | N68: 0 | O68: 0 | P68: 0 | Q68: 0 | R68: 0 | S68: 0 | T68: 0
B69: 不知道/無意見 | D69: 75.247511 | E69: 100 | F69: 14.662513 | G69: 0 | H69: 0 | I69: 0.77072135 | J69: 13.891792 | K69: 0 | L69: 0 | M69: 0 | N69: 0 | O69: 0 | P69: 0 | Q69: 85.337487 | R69: 42.396769 | S69: 42.940718 | T69: 0
A70: 外出目的 | C70: ='C08'!C70 -> ***
B71: 通勤 | C71: ='C08'!C71 -> 0 | D71: 31607 | E71: 100 | F71: 13.606961 | G71: 5.7167237 | H71: 0.32238471 | I71: 1.1101117 | J71: 5.0393488 | K71: 1.3403045 | L71: 0.078087521 | M71: 6.2902719 | N71: 4.8298997 | O71: 1.2971456 | P71: 0.16322659 | Q71: 80.102767 | R71: 48.856462 | S71: 29.28671 | T71: 1.9595951
B72: 通學 | C72: ='C08'!C72 -> 0 | D72: 3606.8269 | E72: 100 | F72: 38.165368 | G72: 9.0635979 | H72: 0.10976862 | I72: 3.5673092 | J72: 24.484742 | K72: 0.93091967 | L72: 0.0090314175 | M72: 24.897664 | N72: 16.390649 | O72: 8.1701667 | P72: 0.33684842 | Q72: 36.936968 | R72: 27.762159 | S72: 9.1669581 | T72: 0.0078499815
A73: 出發時間 | C73: ='C08'!C77 -> ***
B74: 7時以前 | C74: ='C08'!C78 -> 0 | D74: 2883.456 | E74: 100 | F74: 19.974767 | G74: 5.3605775 | H74: 0.15811268 | I74: 2.416214 | J74: 11.784276 | K74: 0.19707864 | L74: 0.05850842 | M74: 8.976798 | N74: 6.2292252 | O74: 2.6064934 | P74: 0.14107937 | Q74: 71.048435 | R74: 38.366058 | S74: 28.494771 | T74: 4.1876061
B75: 7時-未滿9時 | C75: ='C08'!C79 -> 0 | D75: 11625.42 | E75: 100 | F75: 14.025713 | G75: 5.3520478 | H75: 0.1187341 | I75: 1.2052959 | J75: 5.9725236 | K75: 1.3707484 | L75: 0.0063632423 | M75: 7.3783216 | N75: 5.3350769 | O75: 1.778276 | P75: 0.26496859 | Q75: 78.595965 | R75: 49.169446 | S75: 28.159705 | T75: 1.2668143
B76: 9時-未滿11時 | D76: 2190.8083 | E76: 100 | F76: 18.720471 | G76: 7.4345912 | H76: 0.026112459 | I76: 0.74457406 | J76: 6.7978207 | K76: 2.7784622 | L76: 0.9389107 | M76: 9.5716887 | N76: 7.8277415 | O76: 1.7439471 | P76: 0 | Q76: 71.70784 | R76: 45.858176 | S76: 24.289585 | T76: 1.5600788
B77: 11時-未滿13時 | D77: 814.46489 | E77: 100 | F77: 13.776822 | G77: 4.2887538 | H77: 0.8270275 | I77: 1.2441625 | J77: 6.4793201 | K77: 0.92547092 | L77: 0.012086796 | M77: 11.588719 | N77: 7.9778291 | O77: 3.6108897 | P77: 0 | Q77: 74.63446 | R77: 51.8053 | S77: 19.844609 | T77: 2.9845508
B78: 13時-未滿15時 | D78: 702.73952 | E78: 100 | F78: 15.881996 | G78: 5.1626546 | H78: 0.095320072 | I78: 0.28998343 | J78: 7.1139773 | K78: 3.2046799 | L78: 0.015380856 | M78: 8.3568457 | N78: 3.993844 | O78: 4.3630017 | P78: 0 | Q78: 75.761158 | R78: 52.937421 | S78: 18.075955 | T78: 4.7477816
B79: 15時-未滿17時 | C79: ='C08'!C83 -> 0 | D79: 2266.9547 | E79: 100 | F79: 18.180448 | G79: 4.3249516 | H79: 0.25183702 | I79: 1.9087452 | J79: 11.343643 | K79: 0.33592599 | L79: 0.015344796 | M79: 11.525718 | N79: 7.2040526 | O79: 4.0948604 | P79: 0.22680476 | Q79: 70.293835 | R79: 39.890983 | S79: 27.562556 | T79: 2.8402958
B80: 17時-未滿19時 | C80: ='C08'!C84 -> 0 | D80: 10211.242 | E80: 100 | F80: 15.693967 | G80: 5.9834871 | H80: 0.57662813 | I80: 1.3595951 | J80: 6.4030761 | K80: 1.3569224 | L80: 0.014258098 | M80: 7.4867742 | N80: 5.8167822 | O80: 1.4390857 | P80: 0.23090632 | Q80: 76.819259 | R80: 46.911616 | S80: 28.503345 | T80: 1.4042985
B81: 19時-未滿22時 | C81: ='C08'!C85 -> 0 | D81: 3608.3151 | E81: 100 | F81: 19.556622 | G81: 10.323192 | H81: 0.39275855 | I81: 1.2834461 | J81: 6.4089752 | K81: 1.1482509 | L81: 0 | M81: 8.570285 | N81: 6.9247719 | O81: 1.6413857 | P81: 0.0041274013 | Q81: 71.873093 | R81: 45.813672 | S81: 25.124463 | T81: 0.93495744
B82: 22時以後 | C82: ='C08'!C86 -> 0 | D82: 717.40411 | E82: 100 | F82: 12.623606 | G82: 3.9768391 | H82: 0.10498814 | I82: 0.43252306 | J82: 6.2088785 | K82: 1.9003769 | L82: 0 | M82: 8.8660334 | N82: 6.1324024 | O82: 2.733631 | P82: 0 | Q82: 78.510361 | R82: 54.269349 | S82: 23.250671 | T82: 0.99034016
B83: 拒答 | C83: ='C08'!C87 -> 0 | D83: 193.02216 | E83: 100 | F83: 13.436201 | G83: 6.6732315 | H83: 0 | I83: 5.0509974 | J83: 1.711972 | K83: 0 | L83: 0 | M83: 4.2197829 | N83: 1.1671683 | O83: 3.0526146 | P83: 0 | Q83: 82.344016 | R83: 44.221699 | S83: 32.342865 | T83: 5.7794514
A86: 年度別 | C86: ***
B87: 98年度 | D87: 27633.726 | E87: 100 | F87: 18.437832 | G87: 4.7975383 | H87: 0.076943967 | I87: 1.2585348 | J87: 10.822983 | K87: 1.4590229 | L87: 0.022809385 | M87: 8.8333545 | N87: 4.3514977 | O87: 4.4818569 | P87: 0 | Q87: 72.728813 | R87: 47.438522 | S87: 24.038496 | T87: 1.2517957
B88: 99年度 | D88: 43802.335 | E88: 100 | F88: 18.668732 | G88: 4.8252034 | H88: 0.10935739 | I88: 1.5163671 | J88: 11.443079 | K88: 0.74452246 | L88: 0.030202177 | M88: 7.2483569 | N88: 3.7243838 | O88: 3.5239731 | P88: 0 | Q88: 74.082911 | R88: 47.400784 | S88: 23.654828 | T88: 3.0272987
B89: 100年度 | D89: 43674.039 | E89: 100 | F89: 19.321116 | G89: 5.0610738 | H89: 0.11233073 | I89: 1.7076806 | J89: 11.480174 | K89: 0.9039324 | L89: 0.055924908 | M89: 6.972183 | N89: 3.6220249 | O89: 3.350158 | P89: 0 | Q89: 73.706701 | R89: 47.961947 | S89: 23.764643 | T89: 1.9801104
B90: 101年度 | D90: 43560.031 | E90: 100 | F90: 19.153986 | G90: 4.8804399 | H90: 0.13878629 | I90: 1.7339753 | J90: 11.579732 | K90: 0.80447627 | L90: 0.016575982 | M90: 7.3888231 | N90: 3.6960862 | O90: 3.6927369 | P90: 0 | Q90: 73.457191 | R90: 48.311816 | S90: 23.157741 | T90: 1.9876344
B91: 102年度 | D91: 41540.904 | E91: 100 | F91: 18.873065 | G91: 5.6524042 | H91: 0.1099216 | I91: 1.5399097 | J91: 10.630709 | K91: 0.90433602 | L91: 0.035785027 | M91: 6.8228353 | N91: 3.4134108 | O91: 3.4094245 | P91: 0 | Q91: 74.3041 | R91: 48.655785 | S91: 24.407985 | T91: 1.2403296
B92: 103年度 | D92: 42721.741 | E92: 100 | F92: 19.726468 | G92: 6.1075964 | H92: 0.18053205 | I92: 1.5338417 | J92: 10.667692 | K92: 1.1911489 | L92: 0.045657485 | M92: 6.8584695 | N92: 3.8693466 | O92: 2.9891229 | P92: 0 | Q92: 73.415062 | R92: 48.704247 | S92: 23.431972 | T92: 1.2788434
B93: 104年度 | D93: 41904.584 | E93: 100 | F93: 19.912746 | G93: 6.1581792 | H93: 0.16165261 | I93: 1.8432819 | J93: 10.685953 | K93: 1.023328 | L93: 0.040351335 | M93: 6.1082601 | N93: 3.1545216 | O93: 2.9537385 | P93: 0 | Q93: 73.978993 | R93: 48.822121 | S93: 23.922484 | T93: 1.2343885
B94: 105年度 | D94: 42517.73 | E94: 100 | F94: 19.46752 | G94: 6.4001637 | H94: 0.089432091 | I94: 1.3948163 | J94: 10.768387 | K94: 0.77661689 | L94: 0.038104343 | M94: 7.2177226 | N94: 4.0349019 | O94: 3.1828207 | P94: 0 | Q94: 73.314757 | R94: 49.369212 | S94: 22.790595 | T94: 1.1549501
B95: 109年度 | D95: 38186.516 | E95: 100 | F95: 17.521755 | G95: 5.8674207 | H95: 0.18774022 | I95: 1.4908949 | J95: 8.9635306 | K95: 0.98860817 | L95: 0.023560581 | M95: 5.9444628 | N95: 3.4658228 | O95: 2.47864 | P95: 0 | Q95: 76.533782 | R95: 48.702065 | S95: 26.398504 | T95: 1.4332129
B96: 111年度 | D96: 36369.52 | E96: 100 | F96: 16.262498 | G96: 5.7210228 | H96: 0.10369645 | I96: 1.4150926 | J96: 7.647262 | K96: 1.3409525 | L96: 0.034471139 | M96: 6.7331554 | N96: 4.3341407 | O96: 2.1489926 | P96: =M96-N96-O96 -> 0.25002215 | Q96: 77.004347 | R96: 49.640322 | S96: 25.704795 | T96: 1.6592302
B97: 113年度 | D97: =D$9 -> 35213.827 | E97: =E$9 -> 100 | F97: =F$9 -> 16.122391 | G97: =G$9 -> 6.0595321 | H97: =H$9 -> 0.30060721 | I97: =I$9 -> 1.3617937 | J97: =J$9 -> 7.0310711 | K97: =K$9 -> 1.2983727 | ... O97: =O$9 -> 2.0011247 | P97: =P9 -> 0.18101005 | Q97: =Q$9 -> 75.681448 | R97: =R$9 -> 46.695848 | S97: =S$9 -> 27.225916 | T97: =T$9 -> 1.7596848

Sheet C13
A1: 附表13 通勤學民眾運具次數之公共運輸市占率─按縣市別分 | O1: 附表13 通勤學民眾運具次數之公共運輸市占率─按縣市別分(續)
A2: 《平日市話及手機》 | P2: 《平日市話及手機》
A3: 調查對象為昨天外出目的為通勤學民眾，以運具次數角度做分析。 | O3: 調查對象為昨天外出目的為通勤學民眾，以運具次數角度做分析。
N4: 單位：% | Y4: 單位：%
A5: 項目別 | D5: 新北市 | E5: 臺北市 | F5: 桃園市 | G5: 臺中市 | H5: 臺南市 | I5: 高雄市 | J5: 宜蘭縣 | K5: 新竹縣 | L5: 苗栗縣 | M5: 彰化縣 | N5: 南投縣 | O5: 雲林縣 | P5: 嘉義縣 | Q5: 屏東縣 | R5: 臺東縣 | S5: 花蓮縣 | T5: 澎湖縣 | U5: 基隆市 | V5: 新竹市 | W5: 嘉義市 | X5: 金門縣 | Y5: 連江縣
A9: 全體 | D9: 30.246852 | E9: 38.873937 | F9: 15.1373 | G9: 6.4730448 | H9: 3.3609841 | I9: 10.617575 | J9: 7.9488055 | K9: 6.9461382 | L9: 7.9476699 | M9: 4.2227561 | N9: 3.5357018 | O9: 6.1565885 | P9: 1.6627848 | Q9: 5.0277961 | R9: 6.5217768 | S9: 2.9075823 | T9: 4.9980706 | U9: 30.908367 | V9: 4.8741139 | W9: 5.074966 | X9: 3.9813858 | Y9: 7.4753593
A10: 性別
B11: 男 | D11: 20.012661 | E11: 27.363714 | F11: 7.4316553 | G11: 4.5371163 | H11: 2.5892091 | I11: 12.138497 | J11: 6.6981516 | K11: 7.8938783 | L11: 9.5264562 | M11: 4.1808377 | N11: 3.7191728 | O11: 6.0254981 | P11: 1.3757883 | Q11: 4.5455896 | R11: 6.8961083 | S11: 3.3408181 | T11: 4.135182 | U11: 22.963074 | V11: 3.6835141 | W11: 4.0190908 | X11: 3.2711559 | Y11: 4.9074979
B12: 女 | D12: 40.330437 | E12: 49.79603 | F12: 23.700426 | G12: 8.5170317 | H12: 4.259983 | I12: 8.6350563 | J12: 9.130547 | K12: 5.7630248 | L12: 6.0704758 | M12: 4.2695579 | N12: 3.311782 | O12: 6.3052757 | P12: 2.0514609 | Q12: 5.6331454 | R12: 6.1070337 | S12: 2.3738177 | T12: 5.8879584 | U12: 37.836408 | V12: 6.2886117 | W12: 6.0769745 | X12: 4.6663815 | Y12: 10.74012
A13: 年齡
B14: 15-未滿18歲 | D14: 59.034198 | E14: 59.390904 | F14: 48.385054 | G14: 42.520874 | H14: 30.956812 | I14: 39.71446 | J14: 39.314446 | K14: 37.766872 | L14: 39.065078 | M14: 33.496379 | N14: 48.421577 | O14: 46.387874 | P14: 18.259599 | Q14: 24.759157 | R14: 26.286088 | S14: 25.467085 | T14: 48.471095 | U14: 56.386725 | V14: 31.004624 | W14: 17.291981 | X14: 44.529204 | Y14: 52.337439
B15: 18-未滿20歲 | D15: 47.407875 | E15: 59.584551 | F15: 18.276992 | G15: 12.646567 | H15: 14.557991 | I15: 7.8289523 | J15: 13.713455 | K15: 12.140832 | L15: 51.702015 | M15: 21.625479 | N15: 18.397934 | O15: 29.750335 | P15: 15.66018 | Q15: 80.670281 | R15: 35.809589 | S15: 0 | T15: 12.15602 | U15: 58.104182 | V15: 18.140803 | W15: 12.92934 | X15: 26.716345 | Y15: 35.675759
B16: 20-未滿30歲 | D16: 37.49886 | E16: 43.005403 | F16: 18.054663 | G16: 6.3836877 | H16: 0.55154664 | I16: 5.4967017 | J16: 11.523545 | K16: 6.4593295 | L16: 4.728325 | M16: 5.2760152 | N16: 1.5696248 | O16: 2.8409522 | P16: 0.79901249 | Q16: 2.2226778 | R16: 0.67271176 | S16: 6.5044602 | T16: 6.4324964 | U16: 48.715793 | V16: 4.1569371 | W16: 15.41815 | X16: 1.4352519 | Y16: 2.0383153
B17: 30-未滿40歲 | D17: 27.000042 | E17: 47.178381 | F17: 13.92609 | G17: 1.0145178 | H17: 1.2530257 | I17: 10.230689 | J17: 4.1415414 | K17: 0.53072151 | L17: 1.3746879 | M17: 0.68105912 | N17: 2.1153811 | O17: 0.59122129 | P17: 0.18373158 | Q17: 0 | R17: 16.018622 | S17: 0.56954061 | T17: 0 | U17: 37.295098 | V17: 1.39628 | W17: 0.25453587 | X17: 0 | Y17: 2.3562426
B18: 40-未滿50歲 | D18: 25.699325 | E18: 32.006868 | F18: 6.7986768 | G18: 5.196114 | H18: 1.06177 | I18: 9.4227098 | J18: 3.2555218 | K18: 4.7592437 | L18: 5.652874 | M18: 0.22850316 | N18: 0.85978251 | O18: 5.5113529 | P18: 0 | Q18: 4.9983822 | R18: 5.7105951 | S18: 0.31294043 | T18: 0.76071451 | U18: 11.300143 | V18: 2.6061772 | W18: 1.3472471 | X18: 0 | Y18: 3.7560143
B19: 50-未滿60歲 | D19: 22.255884 | E19: 28.591204 | F19: 17.61532 | G19: 5.7025917 | H19: 0.96188531 | I19: 11.49106 | J19: 5.1940083 | K19: 7.743725 | L19: 4.183826 | M19: 2.2299855 | N19: 1.2150096 | O19: 0.51178028 | P19: 0.63244539 | Q19: 2.4010581 | R19: 1.7355268 | S19: 3.3258809 | T19: 2.968232 | U19: 20.819261 | V19: 1.6281204 | W19: 0.94049837 | X19: 4.083874 | Y19: 3.2491554
B20: 60-未滿65歲 | D20: 24.055787 | E20: 29.533919 | F20: 14.455954 | G20: 0 | H20: 1.8963298 | I20: 6.2845078 | J20: 0.86038267 | K20: 0 | L20: 2.6259734 | M20: 1.5279429 | N20: 0 | O20: 3.0748878 | P20: 6.7108274 | Q20: 0 | R20: 0 | S20: 1.3993033 | T20: 0 | U20: 20.291479 | V20: 1.8038644 | W20: 5.0476408 | X20: 7.8258361 | Y20: 2.0996238
B21: 65歲及以上 | D21: 42.51887 | E21: 48.374238 | F21: 4.6788118 | G21: 6.0720662 | H21: 5.8220018 | I21: 4.7791162 | J21: 0 | K21: 1.4065511 | L21: 4.3503964 | M21: 0 | N21: 0 | O21: 0 | P21: 1.1586346 | Q21: 1.2603558 | R21: 0.4481071 | S21: 0 | T21: 0 | U21: 20.39569 | V21: 6.874273 | W21: 0 | X21: 0 | Y21: 0
A22: 教育程度
B23: 小學及以下 | D23: 9.0242542 | E23: 37.652596 | F23: 0 | G23: 0 | H23: 12.726569 | I23: 0 | J23: 0 | K23: 0 | L23: 0 | M23: 0 | N23: 0 | O23: 0 | P23: 0 | Q23: 0 | R23: 0 | S23: 0 | T23: 0 | U23: 2.9632755 | V23: 14.629074 | W23: 0 | X23: 12.742664 | Y23: 0
B24: 國(初)中 | D24: 11.535493 | E24: 5.6700949 | F24: 8.8349047 | G24: 2.426334 | H24: 2.0892974 | I24: 4.2499169 | J24: 1.6991371 | K24: 9.3202095 | L24: 9.1642817 | M24: 0 | N24: 0 | O24: 2.0414004 | P24: 1.4162773 | Q24: 0.98995052 | R24: 11.479055 | S24: 4.6440886 | T24: 1.2197579 | U24: 10.016041 | V24: 7.5249157 | W24: 5.8715665 | X24: 16.659695 | Y24: 0
B25: 高中(職) | D25: 23.891565 | E25: 33.951922 | F25: 12.820683 | G25: 11.540072 | H25: 7.3560938 | I25: 13.438027 | J25: 11.54067 | K25: 17.098985 | L25: 14.684444 | M25: 7.2114584 | N25: 8.1642661 | O25: 10.368519 | P25: 2.2046955 | Q25: 9.2549219 | R25: 5.677007 | S25: 3.5731847 | T25: 8.1261851 | U25: 37.437843 | V25: 11.374123 | W25: 6.0945352 | X25: 9.7184013 | Y25: 14.869663
B26: 專科 | D26: 28.502132 | E26: 24.617289 | F26: 21.225829 | G26: 7.8601874 | H26: 2.812648 | I26: 6.341164 | J26: 2.0161239 | K26: 0 | L26: 0.98199967 | M26: 3.1336824 | N26: 1.1820755 | O26: 0.82583382 | P26: 0.50362557 | Q26: 0.63603714 | R26: 0 | S26: 0.26866045 | T26: 3.5926658 | U26: 31.90137 | V26: 4.5874186 | W26: 1.3842993 | X26: 3.0847721 | Y26: 5.6934928
B27: 大學 | D27: 31.752947 | E27: 41.28738 | F27: 14.476809 | G27: 5.8780699 | H27: 0.74797127 | I27: 11.526267 | J27: 9.0685732 | K27: 2.6051689 | L27: 4.1204274 | M27: 2.7566816 | N27: 2.7471727 | O27: 6.7184944 | P27: 1.9162713 | Q27: 2.9653108 | R27: 8.1082989 | S27: 4.0484145 | T27: 4.1549781 | U27: 26.861251 | V27: 2.8574095 | W27: 5.9649096 | X27: 0.16682601 | Y27: 3.0608093
B28: 研究所及以上 | D28: 44.041178 | E28: 44.970405 | F28: 19.576648 | G28: 1.6127964 | H28: 2.6794517 | I28: 8.9257621 | J28: 8.6614797 | K28: 4.6104888 | L28: 9.0430063 | M28: 1.7895574 | N28: 0.7702408 | O28: 1.0533977 | P28: 0 | Q28: 3.7283965 | R28: 8.636531 | S28: 0.71187686 | T28: 3.1217909 | U28: 40.220232 | V28: 3.1478407 | W28: 1.3246376 | X28: 1.54856 | Y28: 0
B29: 不知道/無意見 | D29: 0 | E29: 0 | F29: 0 | G29: 0 | H29: 0 | I29: 0 | J29: 0 | K29: 0 | L29: 0 | M29: 0 | N29: 0 | O29: 0 | P29: 0 | Q29: 0 | R29: 0 | S29: 0 | T29: 0 | U29: 0 | V29: 0 | W29: 0 | X29: 0 | Y29: 0
A30: 職業
B31: 農林漁牧 | D31: 15.786112 | E31: 0 | F31: 0 | G31: 0 | H31: 0 | I31: 0 | J31: 0 | K31: 0 | L31: 0 | M31: 0 | N31: 0 | O31: 0 | P31: 0 | Q31: 0 | R31: 0.43371096 | S31: 0 | T31: 0 | U31: 0 | V31: 0 | W31: 0 | X31: 0 | Y31: 0
B32: 工業 | D32: 14.772779 | E32: 25.317819 | F32: 6.2563589 | G32: 1.5334051 | H32: 0.92798638 | I32: 7.5353927 | J32: 3.6554966 | K32: 1.608368 | L32: 3.8794276 | M32: 0.55935228 | N32: 0 | O32: 2.1422029 | P32: 0.36744115 | Q32: 1.9952939 | R32: 17.973708 | S32: 6.6163503 | T32: 3.3974254 | U32: 18.844213 | V32: 1.0628187 | W32: 3.1738289 | X32: 2.7731278 | Y32: 0.4468839
B33: 批發及零售業 | D33: 24.654907 | E33: 31.23831 | F33: 15.494388 | G33: 0.21458194 | H33: 0 | I33: 1.8407959 | J33: 1.0712648 | K33: 7.5647868 | L33: 4.4217967 | M33: 0 | N33: 0 | O33: 2.4795612 | P33: 2.7161251 | Q33: 8.9787686 | R33: 9.605553 | S33: 14.313653 | T33: 4.5903855 | U33: 52.870375 | V33: 2.2752871 | W33: 0 | X33: 3.7585386 | Y33: 0
B34: 住宿及餐飲業 | D34: 14.512865 | E34: 34.805516 | F34: 0 | G34: 3.5036554 | H34: 8.9394835 | I34: 1.6962503 | J34: 1.7221855 | K34: 1.6894163 | L34: 1.6085491 | M34: 4.3399755 | N34: 6.6044896 | O34: 0 | P34: 16.268292 | Q34: 0 | R34: 1.3609902 | S34: 0 | T34: 12.907627 | U34: 24.924063 | V34: 0 | W34: 12.691867 | X34: 0.89008286 | Y34: 0
B35: 服務事業 | D35: 37.909099 | E35: 40.724376 | F35: 14.852862 | G35: 7.2383613 | H35: 1.8150051 | I35: 11.902227 | J35: 5.2867025 | K35: 5.9514223 | L35: 3.3422637 | M35: 2.9811919 | N35: 2.0251792 | O35: 6.2045335 | P35: 1.2193475 | Q35: 1.6101604 | R35: 0.60939745 | S35: 0.62743297 | T35: 2.5151731 | U35: 25.478529 | V35: 2.7720391 | W35: 0.30689178 | X35: 2.2976835 | Y35: 2.0311161
B36: 軍公教 | D36: 26.439043 | E36: 43.10484 | F36: 26.841013 | G36: 0.86072055 | H36: 3.3876639 | I36: 9.7634179 | J36: 12.109956 | K36: 11.755124 | L36: 4.0258543 | M36: 0.98625325 | N36: 0.74132799 | O36: 1.2339834 | P36: 0 | Q36: 2.7657552 | R36: 12.989238 | S36: 0.55292428 | T36: 1.5928643 | U36: 23.437986 | V36: 8.2688238 | W36: 1.2899498 | X36: 1.657562 | Y36: 3.9238842
B37: 學生(部分工時就業) | D37: 31.018359 | E37: 86.051879 | F37: 0 | G37: 13.82918 | H37: 16.049252 | I37: 0 | J37: 9.7763946 | K37: 0 | L37: 100 | M37: 25.73145 | N37: 0 | O37: 0 | P37: 14.786951 | Q37: 0 | R37: 0 | S37: 0 | T37: 7.4595524 | U37: 0 | V37: 50 | W37: 86.578956 | X37: 0 | Y37: 0
B38: 料理家事 | D38: 0 | E38: 0 | F38: 0 | G38: 0 | H38: 0 | I38: 0 | J38: 0 | K38: 0 | L38: 0 | M38: 0 | N38: 0 | O38: 0 | P38: 0 | Q38: 0 | R38: 0 | S38: 0 | T38: 0 | U38: 0 | V38: 0 | W38: 0 | X38: 0 | Y38: 0
B39: 退休人員 | D39: 0 | E39: 0 | F39: 0 | G39: 0 | H39: 0 | I39: 0 | J39: 0 | K39: 0 | L39: 0 | M39: 0 | N39: 0 | O39: 0 | P39: 0 | Q39: 0 | R39: 0 | S39: 0 | T39: 0 | U39: 0 | V39: 0 | W39: 0 | X39: 0 | Y39: 0
B40: 學生 | D40: 53.525327 | E40: 57.903981 | F40: 48.014311 | G40: 33.362933 | H40: 20.136127 | I40: 26.868116 | J40: 36.418434 | K40: 37.622918 | L40: 42.998113 | M40: 35.217458 | N40: 42.248119 | O40: 29.064121 | P40: 12.931126 | Q40: 32.556101 | R40: 17.420978 | S40: 6.2952798 | T40: 36.684882 | U40: 61.544572 | V40: 23.34379 | W40: 19.031232 | X40: 22.973655 | Y40: 56.394847
B41: 未就業者 | D41: 0 | E41: 0 | F41: 0 | G41: 0 | H41: 0 | I41: 0 | J41: 0 | K41: 0 | L41: 0 | M41: 0 | N41: 0 | O41: 0 | P41: 0 | Q41: 0 | R41: 0 | S41: 0 | T41: 0 | U41: 0 | V41: 0 | W41: 0 | X41: 0 | Y41: 0
B42: 不知道/無意見 | D42: 0 | E42: 0 | F42: 0 | G42: 54.368839 | H42: 0 | I42: 0 | J42: 0 | K42: 0 | L42: 0 | M42: 0 | N42: 0 | O42: 0 | P42: 80.588682 | Q42: 0 | R42: 0 | S42: 0 | T42: 0 | U42: 0 | V42: 24.919719 | W42: 0 | X42: 0 | Y42: 0
A44: 外出目的
B45: 通勤 | D45: 27.849402 | E45: 36.420614 | F45: 11.785342 | G45: 3.7089826 | H45: 1.3996694 | I45: 9.1906172 | J45: 5.0569784 | K45: 4.1130611 | L45: 3.4795286 | M45: 1.4673253 | N45: 1.0561522 | O45: 2.8742166 | P45: 0.94841744 | Q45: 1.7520179 | R45: 5.2733528 | S45: 2.5857306 | T45: 3.6242254 | U45: 26.556868 | V45: 2.1466249 | W45: 1.9777942 | X45: 2.1184844 | Y45: 2.6650296
B46: 通學 | D46: 52.856933 | E46: 58.688037 | F46: 45.527297 | G46: 31.209907 | H46: 19.674363 | I46: 23.642356 | J46: 32.646262 | K46: 29.112855 | L46: 38.46353 | M46: 31.044465 | N46: 37.128198 | O46: 27.900812 | P46: 16.945344 | Q46: 31.720785 | R46: 18.284436 | S46: 5.3332946 | T46: 24.096568 | U46: 59.774322 | V46: 21.325353 | W46: 29.965557 | X46: 21.335024 | Y46: 56.394847
A47: 出發時間
B48: 7時以前 | D48: 33.844404 | E48: 31.466286 | F48: 23.796121 | G48: 15.112882 | H48: 10.723584 | I48: 13.101402 | J48: 15.11879 | K48: 15.473563 | L48: 19.874178 | M48: 10.302445 | N48: 9.866837 | O48: 12.391613 | P48: 3.4182848 | Q48: 7.6390264 | R48: 14.622357 | S48: 3.6362084 | T48: 9.8779114 | U48: 46.265603 | V48: 16.683937 | W48: 14.419839 | X48: 12.287688 | Y48: 0
B49: 7時-未滿9時 | D49: 26.357172 | E49: 41.493518 | F49: 12.119364 | G49: 4.3698334 | H49: 2.3095048 | I49: 6.9409749 | J49: 4.9585055 | K49: 6.3987928 | L49: 4.7724746 | M49: 2.2615417 | N49: 1.210868 | O49: 3.3214765 | P49: 0.74171298 | Q49: 4.3242783 | R49: 5.1745572 | S49: 4.3020998 | T49: 5.1038893 | U49: 27.348112 | V49: 3.1991997 | W49: 1.7090967 | X49: 2.3922673 | Y49: 8.9686295
B50: 9時-未滿11時 | D50: 29.02784 | E50: 32.281507 | F50: 25.200539 | G50: 7.2157359 | H50: 0 | I50: 18.37288 | J50: 14.704186 | K50: 1.0172215 | L50: 8.4133519 | M50: 1.8645923 | N50: 1.3392001 | O50: 0 | P50: 0 | Q50: 2.3689849 | R50: 0 | S50: 0 | T50: 3.0967124 | U50: 31.279217 | V50: 1.2612349 | W50: 0 | X50: 1.2109857 | Y50: 9.0189483
B51: 11時-未滿13時 | D51: 36.284947 | E51: 45.524472 | F51: 0 | G51: 6.7745693 | H51: 2.4043646 | I51: 1.6682366 | J51: 2.7928214 | K51: 1.7158418 | L51: 1.4064333 | M51: 0 | N51: 0 | O51: 0 | P51: 0 | Q51: 0 | R51: 0 | S51: 0 | T51: 2.3987088 | U51: 11.216876 | V51: 0.96778178 | W51: 23.791819 | X51: 4.7768264 | Y51: 0
B52: 13時-未滿15時 | D52: 41.052623 | E52: 18.320694 | F52: 23.32068 | G52: 8.285868 | H52: 0 | I52: 6.0733872 | J52: 0 | K52: 7.4294506 | L52: 21.80009 | M52: 0 | N52: 2.8840604 | O52: 7.5410846 | P52: 0 | Q52: 0 | R52: 0.36711774 | S52: 0.53365394 | T52: 1.7026155 | U52: 44.285092 | V52: 18.603339 | W52: 18.718934 | X52: 0 | Y52: 0
B53: 15時-未滿17時 | D53: 33.259584 | E53: 32.176811 | F53: 18.380082 | G53: 13.542978 | H53: 13.589215 | I53: 10.580115 | J53: 8.1146127 | K53: 10.701459 | L53: 14.843302 | M53: 9.3102638 | N53: 16.170625 | O53: 7.8620756 | P53: 3.7039738 | Q53: 15.319732 | R53: 11.72243 | S53: 9.6771592 | T53: 10.297505 | U53: 30.642924 | V53: 17.836096 | W53: 4.6293908 | X53: 16.266905 | Y53: 35.060813
B54: 17時-未滿19時 | D54: 30.111457 | E54: 37.558428 | F54: 14.170742 | G54: 6.3379983 | H54: 2.248847 | I54: 12.55623 | J54: 8.0350707 | K54: 6.6580252 | L54: 6.7961907 | M54: 5.0665198 | N54: 2.272042 | O54: 7.126687 | P54: 2.0888703 | Q54: 3.8965013 | R54: 3.0066046 | S54: 1.3015851 | T54: 4.9644181 | U54: 36.743522 | V54: 3.8206861 | W54: 1.5069342 | X54: 2.5418849 | Y54: 1.9846576
B55: 19時-未滿22時 | D55: 32.804856 | E55: 47.560078 | F55: 15.938878 | G55: 1.6344262 | H55: 1.5577056 | I55: 11.390985 | J55: 13.298331 | K55: 7.0458434 | L55: 5.3842477 | M55: 2.0407878 | N55: 0 | O55: 1.9787957 | P55: 1.6401444 | Q55: 0 | R55: 13.565897 | S55: 0.97350392 | T55: 0 | U55: 19.810511 | V55: 0.97860077 | W55: 2.9206091 | X55: 2.3265447 | Y55: 0
B56: 22時以後 | D56: 38.129245 | E56: 32.437937 | F56: 3.4905366 | G56: 4.6386059 | H56: 0 | I56: 3.1570801 | J56: 0.59890182 | K56: 0 | L56: 7.347062 | M56: 0 | N56: 0 | O56: 14.226011 | P56: 0 | Q56: 3.8282413 | R56: 11.100869 | S56: 0 | T56: 5.94154 | U56: 8.4909903 | V56: 4.1493986 | W56: 11.272118 | X56: 0 | Y56: 0
B57: 拒答 | D57: 70.246887 | E57: 5.8516023 | F57: 15.928835 | G57: 5.3571861 | H57: 0 | I57: 0 | J57: 0 | K57: 6.5847703 | L57: 0 | M57: 0 | N57: 0 | O57: 0 | P57: 0 | Q57: 0 | R57: 0 | S57: 0 | T57: 0 | U57: 0 | V57: 0 | W57: 3.4202823 | X57: 0 | Y57: 0
A60: 年度別
B61: 98年度 | D61: 30.293028 | E61: 41.749679 | F61: 13.115132 | G61: 10.826908 | H61: 9.0906171 | I61: 9.8023219 | J61: 9.7405592 | K61: 10.533395 | L61: 9.6129867 | M61: 8.3456495 | N61: 8.4477815 | O61: 8.0240439 | P61: 8.0571414 | Q61: 8.5620716 | R61: 5.3425378 | S61: 4.1891851 | T61: 6.5146518 | U61: 37.321149 | V61: 8.1003124 | W61: 3.8167068 | X61: 0 | Y61: 0
B62: 99年度 | D62: 30.877559 | E62: 43.93 | F62: 17.083781 | G62: 10.694801 | H62: 7.4946775 | I62: 9.3132763 | J62: 9.9094937 | K62: 10.612625 | L62: 9.2249465 | M62: 8.0942572 | N62: 7.3961809 | O62: 7.1779879 | P62: 8.9970138 | Q62: 8.7846697 | R62: 5.4079606 | S62: 6.3813258 | T62: 6.9474906 | U62: 41.665427 | V62: 7.7940717 | W62: 4.9822031 | X62: 11.211203 | Y62: 12.551095
B63: 100年度 | D63: 34.113131 | E63: 43.029962 | F63: 15.720848 | G63: 10.787051 | H63: 6.9623245 | I63: 9.007917 | J63: 8.5644504 | K63: 12.211396 | L63: 11.114332 | M63: 6.753652 | N63: 9.6655171 | O63: 7.372165 | P63: 9.1395408 | Q63: 8.9945946 | R63: 3.5327774 | S63: 6.1071942 | T63: 9.2233566 | U63: 41.332804 | V63: 7.0837615 | W63: 4.3933701 | X63: 13.287661 | Y63: 11.431651
B64: 101年度 | D64: 31.813485 | E64: 45.529941 | F64: 16.14909 | G64: 11.301422 | H64: 6.8473286 | I64: 9.8070756 | J64: 11.111776 | K64: 10.574545 | L64: 9.5726774 | M64: 7.6678758 | N64: 7.05716 | O64: 8.3483063 | P64: 7.8490829 | Q64: 7.7750421 | R64: 4.7676586 | S64: 6.1053108 | T64: 8.7554253 | U64: 45.141985 | V64: 8.8730138 | W64: 4.2915314 | X64: 10.309205 | Y64: 13.347467
B65: 102年度 | D65: 33.563799 | E65: 44.627436 | F65: 15.012241 | G65: 9.3136228 | H65: 6.3459081 | I65: 10.023255 | J65: 8.323624 | K65: 12.638411 | L65: 10.258755 | M65: 6.7018096 | N65: 7.7920099 | O65: 6.6407838 | P65: 8.2409749 | Q65: 8.3099821 | R65: 4.4942502 | S65: 5.2308303 | T65: 8.1292534 | U65: 43.77133 | V65: 8.0975545 | W65: 5.7284267 | X65: 12.122515 | Y65: 11.295565
B66: 103年度 | D66: 37.299313 | E66: 44.173346 | F66: 15.8576 | G66: 12.242902 | H66: 7.0222768 | I66: 10.683946 | J66: 11.624461 | K66: 11.124567 | L66: 9.677129 | M66: 7.1881383 | N66: 7.6168317 | O66: 5.7808812 | P66: 6.6248999 | Q66: 8.3562442 | R66: 4.1967746 | S66: 5.9032944 | T66: 8.5697064 | U66: 42.051836 | V66: 9.0931587 | W66: 5.8909429 | X66: 8.5405822 | Y66: 6.5536856
B67: 104年度 | D67: 37.98387 | E67: 46.171841 | F67: 14.837967 | G67: 11.067159 | H67: 7.1151922 | I67: 9.4338135 | J67: 9.8116689 | K67: 10.327054 | L67: 7.4813185 | M67: 8.4961996 | N67: 5.8877668 | O67: 6.1115713 | P67: 7.5490498 | Q67: 6.8590933 | R67: 4.9809945 | S67: 4.1285657 | T67: 7.8981526 | U67: 43.367431 | V67: 9.6024791 | W67: 6.7830079 | X67: 8.7133859 | Y67: 11.486167
B68: 105年度 | D68: 33.985057 | E68: 47.579179 | F68: 16.509084 | G68: 10.655878 | H68: 5.0321233 | I68: 9.8809238 | J68: 9.1258751 | K68: 11.807551 | L68: 10.255276 | M68: 7.633384 | N68: 8.1655537 | O68: 8.141951 | P68: 8.0757914 | Q68: 7.2939597 | R68: 4.3409007 | S68: 4.2655207 | T68: 7.3445855 | U68: 39.832453 | V68: 10.031372 | W68: 6.3356615 | X68: 7.7401172 | Y68: 10.284638
B69: 109年度 | D69: 36.031789 | E69: 45.358847 | F69: 13.666617 | G69: 6.9071828 | H69: 6.2275871 | I69: 7.1460165 | J69: 9.2576747 | K69: 5.9641769 | L69: 7.2473915 | M69: 4.8591303 | N69: 6.7850244 | O69: 5.3342887 | P69: 8.0054034 | Q69: 5.3122388 | R69: 1.4562518 | S69: 4.519331 | T69: 4.2537347 | U69: 34.099554 | V69: 7.2234075 | W69: 4.5728346 | X69: 9.1033341 | Y69: 11.12784
B70: 111年度 | D70: 29.812905 | E70: 44.562826 | F70: 10.23834 | G70: 8.5729586 | H70: 5.3708033 | I70: 8.608508 | J70: 7.6957473 | K70: 5.1894427 | L70: 6.0914455 | M70: 5.2677318 | N70: 4.2442622 | O70: 4.6884585 | P70: 3.5286054 | Q70: 8.5847463 | R70: 3.0444184 | S70: 3.5248891 | T70: 3.1747315 | U70: 36.769005 | V70: 6.8555501 | W70: 4.2375912 | X70: 4.8189101 | Y70: 9.6714026
B71: 113年度 | D71: =D$9 -> 30.246852 | E71: =E$9 -> 38.873937 | F71: =F$9 -> 15.1373 | G71: =G$9 -> 6.4730448 | H71: =H$9 -> 3.3609841 | I71: =I$9 -> 10.617575 | J71: =J$9 -> 7.9488055 | K71: =K$9 -> 6.9461382 | ... Y71: =Y$9 -> 7.4753593

Sheet D
B15: D.外出民眾主運具市占率

Sheet D14
A1: 附表14 外出民眾主運具市占率─按運具類別分
A2: 《平日市話及手機》
A3: 調查對象為昨天有外出民眾，以旅次主運具角度做分析。
H4: 單位：運具次數；%
A5: 項目別 | D5: 樣本數 | E5: 總計
F6: 公共 運輸工具 | G6: 非機動 運輸工具 | H6: 私人機動 運輸工具
A9: 全體 | D9: 64963.631 | E9: 100 | F9: 12.996965 | G9: 10.67068 | H9: 76.332355
A10: 居住縣市 | C10: ***
B11: 新北市 | D11: 10223.697 | E11: 100 | F11: 26.61028 | G11: 11.645507 | H11: 61.744214
B12: 臺北市 | D12: 6711.7654 | E12: 100 | F12: 37.835254 | G12: 19.731139 | H12: 42.433607
B13: 桃園市 | D13: 6708.0223 | E13: 100 | F13: 10.501821 | G13: 11.29494 | H13: 78.203239
B14: 臺中市 | D14: 7038.8311 | E14: 100 | F14: 7.3689576 | G14: 8.986325 | H14: 83.644717
B15: 臺南市 | D15: 5905.2175 | E15: 100 | F15: 3.9110033 | G15: 8.9094724 | H15: 87.179524
B16: 高雄市 | D16: 8427.3614 | E16: 100 | F16: 7.386639 | G16: 8.405117 | H16: 84.208244
B17: 宜蘭縣 | D17: 1393.9732 | E17: 100 | F17: 6.9195074 | G17: 8.8557953 | H17: 84.224697
B18: 新竹縣 | D18: 1667.8871 | E18: 100 | F18: 5.9061327 | G18: 9.5970754 | H18: 84.496792
B19: 苗栗縣 | D19: 1563.9616 | E19: 100 | F19: 6.218101 | G19: 8.9883911 | H19: 84.793508
B20: 彰化縣 | D20: 2955.3726 | E20: 100 | F20: 3.1087441 | G20: 7.0558707 | H20: 89.835385
B21: 南投縣 | D21: 1463.8493 | E21: 100 | F21: 2.8850444 | G21: 9.3759996 | H21: 87.738956
B22: 雲林縣 | D22: 1999.5907 | E22: 100 | F22: 3.5736336 | G22: 9.2701031 | H22: 87.156263
... B32: 連江縣 | D32: 27.230936 | E32: 100 | F32: 7.4371199 | G32: 14.602506 | H32: 77.960374
A33: 是否為直轄市 | C33: ***
B34: 直轄市 | D34: 45014.895 | E34: 100 | F34: 16.298101 | G34: 11.417469 | H34: 72.28443
B35: 非直轄市 | D35: 19948.736 | E35: 100 | F35: 5.5478572 | G35: 8.9855282 | H35: 85.466615
A36: 性別 | C36: ***
B37: 男 | D37: 32403.02 | E37: 100 | F37: 9.0717975 | G37: 9.4014272 | H37: 81.526775
B38: 女 | D38: 32560.611 | E38: 100 | F38: 16.903135 | G38: 11.933789 | H38: 71.163076
A39: 年齡 | C39: ***
B40: 15-未滿18歲 | D40: 1745.8816 | E40: 100 | F40: 49.114478 | G40: 21.86463 | H40: 29.020891
B41: 18-未滿20歲 | D41: 1064.9479 | E41: 100 | F41: 26.064601 | G41: 10.01896 | H41: 63.916439
B42: 20-未滿30歲 | D42: 8620.4232 | E42: 100 | F42: 14.302713 | G42: 6.4079436 | H42: 79.289343
B43: 30-未滿40歲 | D43: 11493.445 | E43: 100 | F43: 10.857887 | G43: 5.2298112 | H43: 83.912302
B44: 40-未滿50歲 | D44: 14473.876 | E44: 100 | F44: 9.4379886 | G44: 5.6528842 | H44: 84.909127
B45: 50-未滿60歲 | D45: 12109.975 | E45: 100 | F45: 9.9451426 | G45: 7.8314128 | H45: 82.223445
B46: 60-未滿65歲 | D46: 5288.6685 | E46: 100 | F46: 9.414766 | G46: 13.766812 | H46: 76.818422
B47: 65歲及以上 | D47: 10166.414 | E47: 100 | F47: 17.302391 | G47: 27.497423 | H47: 55.200187
A49: 教育程度 | C49: ***
B50: 小學及以下 | D50: 3662.4814 | E50: 100 | F50: 11.635318 | G50: 36.076709 | H50: 52.287974
B51: 國(初)中 | D51: 4683.2128 | E51: 100 | F51: 8.4801768 | G51: 15.277835 | H51: 76.241988
B52: 高中(職) | D52: 17170.895 | E52: 100 | F52: 11.45943 | G52: 9.5629472 | H52: 78.977623
B53: 專科 | D53: 7359.8825 | E53: 100 | F53: 11.056732 | G53: 10.153071 | H53: 78.790197
B54: 大學 | D54: 23773.326 | E54: 100 | F54: 14.278949 | G54: 8.2107229 | H54: 77.510328
B55: 研究所及以上 | D55: 8252.6247 | E55: 100 | F55: 17.454087 | G55: 6.5447894 | H55: 76.001124
B56: 不知道/無意見 | D56: 61.208865 | E56: 100 | F56: 5.8218995 | G56: 22.68997 | H56: 71.48813
A57: 職業 | C57: ***
B58: 農林漁牧 | D58: 1858.1568 | E58: 100 | F58: 1.1631562 | G58: 7.9747163 | H58: 90.862128
B59: 工業 | D59: 14337.596 | E59: 100 | F59: 6.7694471 | G59: 2.6037636 | H59: 90.626789
B60: 批發及零售業 | D60: 3046.0185 | E60: 100 | F60: 10.259671 | G60: 6.6820091 | H60: 83.05832
B61: 住宿及餐飲業 | D61: 1904.7663 | E61: 100 | F61: 6.549269 | G61: 4.8050215 | H61: 88.645709
B62: 服務事業 | D62: 20618.803 | E62: 100 | F62: 14.489244 | G62: 6.0469464 | H62: 79.46381
B63: 軍公教 | D63: 3798.9002 | E63: 100 | F63: 10.918086 | G63: 6.2451394 | H63: 82.836775
B64: 學生(部分工時就業) | D64: 161.46251 | E64: 100 | F64: 23.758539 | G64: 8.2087586 | H64: 68.032702
B65: 料理家事 | D65: 5782.2084 | E65: 100 | F65: 13.509983 | G65: 21.544725 | H65: 64.945293
B66: 退休人員 | D66: 8203.5146 | E66: 100 | F66: 15.595163 | G66: 28.883319 | H66: 55.521518
B67: 學生 | D67: 3356.3176 | E67: 100 | F67: 39.615004 | G67: 18.727271 | H67: 41.657725
B68: 未就業者 | D68: 1772.0729 | E68: 100 | F68: 9.7089039 | G68: 20.972012 | H68: 69.319084
B69: 不知道/無意見 | D69: 123.81378 | E69: 100 | F69: 8.9111051 | G69: 2.2603414 | H69: 88.828554
A70: 外出目的 | C70: ***
B71: 通勤 | D71: 29161.585 | E71: 100 | F71: 11.924703 | G71: 3.2024319 | H71: 84.872866
B72: 通學 | D72: 2953.3872 | E72: 100 | F72: 39.979848 | G72: 17.920946 | H72: 42.099207
B73: 公(商)務 | D73: 3081.1635 | E73: 100 | F73: 10.286577 | G73: 1.8804774 | H73: 87.832946
B74: 購物 | D74: 11087.477 | E74: 100 | F74: 5.928386 | G74: 16.739407 | H74: 77.332207
B75: 家庭及個人活動 | D75: 10939.792 | E75: 100 | F75: 14.963845 | G75: 7.7502327 | H75: 77.285922
B76: 休閒 | D76: 7740.2262 | E76: 100 | F76: 15.165448 | G76: 34.974797 | H76: 49.859755
A77: 出發時間 | C77: ***
B78: 7時以前 | D78: 4031.9925 | E78: 100 | F78: 15.937138 | G78: 14.975715 | H78: 69.087147
B79: 7時-未滿9時 | D79: 15919.946 | E79: 100 | F79: 11.648184 | G79: 9.1699267 | H79: 79.181889
B80: 9時-未滿11時 | D80: 7173.095 | E80: 100 | F80: 11.931488 | G80: 14.369891 | H80: 73.698622
B81: 11時-未滿13時 | D81: 5519.7129 | E81: 100 | F81: 11.476383 | G81: 14.790253 | H81: 73.733363
B82: 13時-未滿15時 | D82: 3504.2135 | E82: 100 | F82: 16.341717 | G82: 10.495251 | H82: 73.163032
B83: 15時-未滿17時 | D83: 6018.5521 | E83: 100 | F83: 14.610623 | G83: 11.939172 | H83: 73.450205
B84: 17時-未滿19時 | D84: 14232.455 | E84: 100 | F84: 13.873119 | G84: 6.9016724 | H84: 79.225208
B85: 19時-未滿22時 | D85: 6582.6582 | E85: 100 | F85: 12.484321 | G85: 10.430878 | H85: 77.084801
B86: 22時以後 | D86: 1122.662 | E86: 100 | F86: 12.677885 | G86: 7.9626647 | H86: 79.359451
B87: 拒答 | D87: 858.3437 | E87: 100 | F87: 7.7357001 | G87: 20.575323 | H87: 71.688977
A90: 年度別 | C90: ***
B91: 98年度 | D91: 48497.79 | E91: 100 | F91: 14.491192 | G91: 11.037128 | H91: 74.47168
B92: 99年度 | D92: 77784.886 | E92: 100 | F92: 14.682996 | G92: 11.201491 | H92: 74.115513
B93: 100年度 | D93: 77234.459 | E93: 100 | F93: 15.044893 | G93: 9.8677138 | H93: 75.087393
B94: 101年度 | D94: 77750.081 | E94: 100 | F94: 15.384892 | G94: 11.136886 | H94: 73.478223
B95: 102年度 | D95: 73755.521 | E95: 100 | F95: 15.554885 | G95: 11.108612 | H95: 73.336503
B96: 103年度 | D96: 76196.474 | E96: 100 | F96: 15.75253 | G96: 10.349887 | H96: 73.897583
B97: 104年度 | D97: 75822.846 | E97: 100 | F97: 15.454553 | G97: 10.202882 | H97: 74.342565
B98: 105年度 | D98: 77453.157 | E98: 100 | F98: 15.834466 | G98: 10.350293 | H98: 73.815241
B99: 109年度 | D99: 71957.395 | E99: 100 | F99: 13.658704 | G99: 11.620258 | H99: 74.721038
B100: 111年度 | D100: 70595.873 | E100: 100 | F100: 12.519032 | G100: 12.747025 | H100: 74.733943
B101: 113年度 | D101: =D$9 -> 64963.631 | E101: =E$9 -> 100 | F101: =F$9 -> 12.996965 | G101: =G$9 -> 10.67068 | H101: =H$9 -> 76.332355

Sheet D15
A1: 附表15 外出民眾主運具市占率─按性別分
A2: 《平日市話及手機》
A3: 調查對象為昨天有外出民眾，以旅次主運具角度做分析。
M4: 單位：運具次數；%
A5: 項目別 | D5: 男性 | I5: 女性
D6: 樣本數 | E6: 總計 | I6: 樣本數 | J6: 總計
F7: 公共 運輸 | G7: 非機動 運具 | H7: 私人機動運具 | K7: 公共 運輸 | L7: 非機動 運具 | M7: 私人機動運具
A9: 全體 | D9: 32403.02 | E9: 100 | F9: 9.0717975 | G9: 9.4014272 | H9: 81.526775 | I9: 32560.611 | J9: 100 | K9: 16.903135 | L9: 11.933789 | M9: 71.163076
A10: 居住縣市
B11: 新北市 | D11: 5286.7394 | E11: 100 | F11: 15.161267 | G11: 8.30171 | H11: 76.537023 | I11: 4936.9575 | J11: 100 | K11: 38.870451 | L11: 15.22621 | M11: 45.903339
B12: 臺北市 | D12: 3149.9183 | E12: 100 | F12: 26.686562 | G12: 15.481355 | H12: 57.832082 | I12: 3561.8471 | J12: 100 | K12: 47.694596 | L12: 23.489434 | M12: 28.81597
B13: 桃園市 | D13: 3284.6067 | E13: 100 | F13: 5.7055591 | G13: 8.5812375 | H13: 85.713203 | I13: 3423.4156 | J13: 100 | K13: 15.103609 | L13: 13.898611 | M13: 70.99778
B14: 臺中市 | D14: 3590.9902 | E14: 100 | F14: 6.1072746 | G14: 8.3605462 | H14: 85.532179 | I14: 3447.8409 | J14: 100 | K14: 8.6830238 | L14: 9.6380853 | M14: 81.678891
B15: 臺南市 | D15: 2898.3071 | E15: 100 | F15: 2.9028918 | G15: 8.5279933 | H15: 88.569115 | I15: 3006.9105 | J15: 100 | K15: 4.8827039 | L15: 9.2771733 | M15: 85.840123
B16: 高雄市 | D16: 4121.2515 | E16: 100 | F16: 7.9031063 | G16: 8.9797424 | H16: 83.117151 | I16: 4306.1098 | J16: 100 | K16: 6.8923433 | L16: 7.8551599 | M16: 85.252497
B17: 宜蘭縣 | D17: 647.41951 | E17: 100 | F17: 5.0917535 | G17: 11.644675 | H17: 83.263571 | I17: 746.55366 | J17: 100 | K17: 8.5045556 | L17: 6.437248 | M17: 85.058196
B18: 新竹縣 | D18: 809.06838 | E18: 100 | F18: 6.2427823 | G18: 11.341101 | H18: 82.416117 | I18: 858.81875 | J18: 100 | K18: 5.5889847 | L18: 7.9540794 | M18: 86.456936
B19: 苗栗縣 | D19: 787.11794 | E19: 100 | F19: 7.8246326 | G19: 7.720491 | H19: 84.454876 | I19: 776.84371 | J19: 100 | K19: 4.590322 | L19: 10.27306 | M19: 85.136618
B20: 彰化縣 | D20: 1571.0136 | E20: 100 | F20: 2.8354066 | G20: 7.6864389 | H20: 89.478154 | I20: 1384.359 | J20: 100 | K20: 3.4189359 | L20: 6.3402822 | M20: 90.240782
B21: 南投縣 | D21: 784.45205 | E21: 100 | F21: 2.7634925 | G21: 7.1031053 | H21: 90.133402 | I21: 679.39727 | J21: 100 | K21: 3.0253918 | L21: 12.00035 | M21: 84.974258
B22: 雲林縣 | D22: 1014.8605 | E22: 100 | F22: 3.2976459 | G22: 11.050142 | H22: 85.652213 | I22: 984.73017 | J22: 100 | K22: 3.8580658 | L22: 7.4355998 | M22: 88.706334
... B32: 連江縣 | D32: 16.887645 | E32: 100 | F32: 3.8126118 | G32: 17.516171 | H32: 78.671217 | I32: 10.343291 | J32: 100 | K32: 13.354908 | L32: 9.8453218 | M32: 76.79977
A33: 是否為直轄市
B34: 直轄市 | D34: 22331.813 | E34: 100 | F34: 11.009854 | G34: 9.5194748 | H34: 79.470671 | I34: 22683.081 | J34: 100 | K34: 21.504454 | L34: 13.286071 | M34: 65.209475
B35: 非直轄市 | D35: 10071.207 | E35: 100 | F35: 4.774367 | G35: 9.1396696 | H35: 86.085963 | I35: 9877.5292 | J35: 100 | K35: 6.336514 | L35: 8.8283644 | M35: 84.835122
A36: 年齡
B37: 15-未滿18歲 | D37: 908.80341 | E37: 100 | F37: 44.513237 | G37: 27.922303 | H37: 27.564461 | I37: 837.0782 | J37: 100 | K37: 54.109978 | L37: 15.287905 | M37: 30.602117
B38: 18-未滿20歲 | D38: 551.11246 | E38: 100 | F38: 23.98773 | G38: 11.806966 | H38: 64.205304 | I38: 513.83549 | J38: 100 | K38: 28.292142 | L38: 8.1012398 | M38: 63.606618
B39: 20-未滿30歲 | D39: 4546.7117 | E39: 100 | F39: 11.848631 | G39: 5.8951858 | H39: 82.256183 | I39: 4073.7115 | J39: 100 | K39: 17.04174 | L39: 6.980238 | M39: 75.978022
B40: 30-未滿40歲 | D40: 5921.131 | E40: 100 | F40: 5.1810006 | G40: 5.0995359 | H40: 89.719464 | I40: 5572.3138 | J40: 100 | K40: 16.890136 | L40: 5.3682415 | M40: 77.741622
B41: 40-未滿50歲 | D41: 7084.4602 | E41: 100 | F41: 7.5283613 | G41: 3.9438579 | H41: 88.527781 | I41: 7389.4156 | J41: 100 | K41: 11.268807 | L41: 7.2913802 | M41: 81.439813
B42: 50-未滿60歲 | D42: 6049.2091 | E42: 100 | F42: 5.6386123 | G42: 5.4545279 | H42: 88.90686 | I42: 6060.7657 | J42: 100 | K42: 14.243461 | L42: 10.203765 | M42: 75.552773
B43: 60-未滿65歲 | D43: 2523.196 | E43: 100 | F43: 6.0398097 | G43: 13.217104 | H43: 80.743086 | I43: 2765.4726 | J43: 100 | K43: 12.49405 | L43: 14.268362 | M43: 73.237588
B44: 65歲及以上 | D44: 4818.3964 | E44: 100 | F44: 11.009282 | G44: 25.209223 | H44: 63.781495 | I44: 5348.0177 | J44: 100 | K44: 22.972285 | L44: 29.559019 | M44: 47.468697
A46: 教育程度
B47: 小學及以下 | D47: 1264.5477 | E47: 100 | F47: 4.7868993 | G47: 31.080508 | H47: 64.132592 | I47: 2397.9338 | J47: 100 | K47: 15.246823 | L47: 38.711449 | M47: 46.041728
B48: 國(初)中 | D48: 2604.0506 | E48: 100 | F48: 5.3189798 | G48: 14.830234 | H48: 79.850786 | I48: 2079.1622 | J48: 100 | K48: 12.439424 | L48: 15.838433 | M48: 71.722143
B49: 高中(職) | D49: 8980.8777 | E49: 100 | F49: 8.5588124 | G49: 8.5435441 | H49: 82.897643 | I49: 8190.017 | J49: 100 | K49: 14.640143 | L49: 10.680788 | M49: 74.679069
B50: 專科 | D50: 3521.4712 | E50: 100 | F50: 5.7365979 | G50: 10.590548 | H50: 83.672854 | I50: 3838.4113 | J50: 100 | K50: 15.937578 | L50: 9.7517171 | M50: 74.310705
B51: 大學 | D51: 11349.578 | E51: 100 | F51: 9.4586128 | G51: 7.7276585 | H51: 82.813729 | I51: 12423.748 | J51: 100 | K51: 18.682515 | L51: 8.6520211 | M51: 72.665464
B52: 研究所及以上 | D52: 4659.4121 | E52: 100 | F52: 14.919432 | G52: 5.2925228 | H52: 79.788045 | I52: 3593.2125 | J52: 100 | K52: 20.74084 | L52: 8.168636 | M52: 71.090524
B53: 不知道/無意見 | D53: 23.083411 | E53: 100 | F53: 5.0048425 | G53: 14.06363 | H53: 80.931527 | I53: 38.125454 | J53: 100 | K53: 6.3165943 | L53: 27.912868 | M53: 65.770538
A54: 職業
B55: 農林漁牧 | D55: 1290.8576 | E55: 100 | F55: 0.8490549 | G55: 8.7775879 | H55: 90.373357 | I55: 567.29918 | J55: 100 | K55: 1.8778763 | L55: 6.1478268 | M55: 91.974297
B56: 工業 | D56: 9672.3775 | E56: 100 | F56: 5.3483987 | G56: 2.5366858 | H56: 92.114915 | I56: 4665.2182 | J56: 100 | K56: 9.7157007 | L56: 2.7428356 | M56: 87.541464
B57: 批發及零售業 | D57: 1368.8767 | E57: 100 | F57: 7.0573947 | G57: 5.7354975 | H57: 87.207108 | I57: 1677.1417 | J57: 100 | K57: 12.873357 | L57: 7.4545483 | M57: 79.672095
B58: 住宿及餐飲業 | D58: 854.75678 | E58: 100 | F58: 6.7326475 | G58: 6.3264523 | H58: 86.9409 | I58: 1050.0095 | J58: 100 | K58: 6.3999904 | L58: 3.5665058 | M58: 90.033504
B59: 服務事業 | D59: 9983.6945 | E59: 100 | F59: 8.7721556 | G59: 4.594742 | H59: 86.633102 | I59: 10635.109 | J59: 100 | K59: 19.856153 | L59: 7.4102013 | M59: 72.733646
B60: 軍公教 | D60: 1611.8096 | E60: 100 | F60: 9.3210798 | G60: 6.4492095 | H60: 84.229711 | I60: 2187.0906 | J60: 100 | K60: 12.095024 | L60: 6.0947469 | M60: 81.810229
B61: 學生(部分工時就業) | D61: 116.15312 | E61: 100 | F61: 18.491288 | G61: 1.5601381 | H61: 79.948574 | I61: 45.309394 | J61: 100 | K61: 37.261426 | L61: 25.252862 | M61: 37.485712
B62: 料理家事 | D62: 90.838043 | E62: 100 | F62: 12.261729 | G62: 27.159637 | H62: 60.578634 | I62: 5691.3704 | J62: 100 | K62: 13.529906 | L62: 21.455107 | M62: 65.014987
B63: 退休人員 | D63: 4682.6022 | E63: 100 | F63: 10.395536 | G63: 29.341809 | H63: 60.262656 | I63: 3520.9124 | J63: 100 | K63: 22.510354 | L63: 28.273556 | M63: 49.216089
B64: 學生 | D64: 1681.3477 | E64: 100 | F64: 37.475467 | G64: 22.647974 | H64: 39.876559 | I64: 1674.9699 | J64: 100 | K64: 41.762687 | L64: 14.79164 | M64: 43.445673
B65: 未就業者 | D65: 1009.9151 | E65: 100 | F65: 8.0788861 | G65: 20.795666 | H65: 71.125448 | I65: 762.15782 | J65: 100 | K65: 11.868797 | L65: 21.205684 | M65: 66.925519
B66: 不知道/無意見 | D66: 39.791355 | E66: 100 | F66: 0 | G66: 2.9337294 | H66: 97.066271 | I66: 84.022424 | J66: 100 | K66: 13.131228 | L66: 1.9414381 | M66: 84.927334
A67: 外出目的
B68: 通勤 | D68: 15654.75 | E68: 100 | F68: 7.3871025 | G68: 2.2522931 | H68: 90.360604 | I68: 13506.835 | J68: 100 | K68: 17.183892 | L68: 4.3036658 | M68: 78.512443
B69: 通學 | D69: 1486.1808 | E69: 100 | F69: 36.340087 | G69: 22.459352 | H69: 41.20056 | I69: 1467.2064 | J69: 100 | K69: 43.666679 | L69: 13.323847 | M69: 43.009474
B70: 公(商)務 | D70: 2334.6532 | E70: 100 | F70: 7.0849068 | G70: 1.6870546 | H70: 91.228039 | I70: 746.51025 | J70: 100 | K70: 20.299553 | L70: 2.4853924 | M70: 77.215055
B71: 購物 | D71: 4437.438 | E71: 100 | F71: 3.5320846 | G71: 14.064219 | H71: 82.403696 | I71: 6650.0389 | J71: 100 | K71: 7.52739 | L71: 18.524507 | M71: 73.948103
B72: 家庭及個人活動 | D72: 4573.3219 | E72: 100 | F72: 9.9901303 | G72: 7.2804407 | H72: 82.729429 | I72: 6366.4706 | J72: 100 | K72: 18.536688 | L72: 8.0877054 | M72: 73.375606
B73: 休閒 | D73: 3916.6763 | E73: 100 | F73: 11.846822 | G73: 34.813524 | H73: 53.339653 | I73: 3823.5499 | J73: 100 | K73: 18.564902 | L73: 35.139998 | M73: 46.295101
A74: 出發時間
B75: 7時以前 | D75: 2312.4835 | E75: 100 | F75: 12.977193 | G75: 12.459936 | H75: 74.562871 | I75: 1719.509 | J75: 100 | K75: 19.917823 | L75: 18.359062 | M75: 61.723115
B76: 7時-未滿9時 | D76: 7803.1751 | E76: 100 | F76: 7.9095015 | G76: 7.8909668 | H76: 84.199532 | I76: 8116.7706 | J76: 100 | K76: 15.242422 | L76: 10.399473 | M76: 74.358105
B77: 9時-未滿11時 | D77: 3334.4566 | E77: 100 | F77: 7.6708049 | G77: 11.05052 | H77: 81.278676 | I77: 3838.6384 | J77: 100 | K77: 15.632555 | L77: 17.253283 | M77: 67.114162
B78: 11時-未滿13時 | D78: 2545.938 | E78: 100 | F78: 6.7112508 | G78: 12.970896 | H78: 80.317853 | I78: 2973.7749 | J78: 100 | K78: 15.555956 | L78: 16.34786 | M78: 68.096184
B79: 13時-未滿15時 | D79: 1767.3071 | E79: 100 | F79: 11.366313 | G79: 10.519399 | H79: 78.114288 | I79: 1736.9064 | J79: 100 | K79: 21.404205 | L79: 10.47068 | M79: 68.125115
B80: 15時-未滿17時 | D80: 2847.6977 | E80: 100 | F80: 11.676337 | G80: 10.930002 | H80: 77.393661 | I80: 3170.8543 | J80: 100 | K80: 17.245863 | L80: 12.845492 | M80: 69.908645
B81: 17時-未滿19時 | D81: 7390.7148 | E81: 100 | F81: 9.2295396 | G81: 6.351032 | H81: 84.419428 | I81: 6841.7405 | J81: 100 | K81: 18.889295 | L81: 7.4964957 | M81: 73.614209
B82: 19時-未滿22時 | D82: 3454.4518 | E82: 100 | F82: 8.3871985 | G82: 9.9871761 | H82: 81.625625 | I82: 3128.2064 | J82: 100 | K82: 17.008738 | L82: 10.920855 | M82: 72.070407
B83: 22時以後 | D83: 600.58426 | E83: 100 | F83: 11.160866 | G83: 7.9597365 | H83: 80.879397 | I83: 522.07777 | J83: 100 | K83: 14.423022 | L83: 7.9660332 | M83: 77.610945
B84: 拒答 | D84: 346.21146 | E84: 100 | F84: 6.738433 | G84: 24.37916 | H84: 68.882407 | I84: 512.13225 | J84: 100 | K84: 8.4098723 | L84: 18.003854 | M84: 73.586274
A87: 年度別
B88: 98年度 | D88: 24620.686 | E88: 100 | F88: 11.041924 | G88: 10.551313 | H88: 78.406763 | I88: 23877.104 | J88: 100 | K88: 18.047877 | L88: 11.538072 | M88: 70.414051
B89: 99年度 | D89: 39027.489 | E89: 100 | F89: 11.382344 | G89: 10.352607 | H89: 78.265049 | I89: 38757.397 | J89: 100 | K89: 18.00665 | L89: 12.05629 | M89: 69.937059
B90: 100年度 | D90: 38629.16 | E90: 100 | F90: 11.386953 | G90: 8.4251056 | H90: 80.187941 | I90: 38605.299 | J90: 100 | K90: 18.705094 | L90: 11.311214 | M90: 69.983692
B91: 101年度 | D91: 38973.763 | E91: 100 | F91: 11.602253 | G91: 9.752033 | H91: 78.645714 | I91: 38776.318 | J91: 100 | K91: 19.186791 | L91: 12.52879 | M91: 68.284419
B92: 102年度 | D92: 36819.027 | E92: 100 | F92: 11.836521 | G92: 9.9240443 | H92: 78.239435 | I92: 36936.494 | J92: 100 | K92: 19.261424 | L92: 12.289412 | M92: 68.449164
B93: 103年度 | D93: 38807.389 | E93: 100 | F93: 12.18011 | G93: 9.2683749 | H93: 78.551515 | I93: 37389.085 | J93: 100 | K93: 19.460465 | L93: 11.472426 | M93: 69.06711
B94: 104年度 | D94: 38048.229 | E94: 100 | F94: 12.044103 | G94: 9.0232511 | H94: 78.932646 | I94: 37774.617 | J94: 100 | K94: 18.889706 | L94: 11.391056 | M94: 69.719237
B95: 105年度 | D95: 38893.711 | E95: 100 | F95: 11.98217 | G95: 9.2403587 | H95: 78.777471 | I95: 38559.446 | J95: 100 | K95: 19.720156 | L95: 11.46985 | M95: 68.809995
B96: 109年度 | D96: 35816.061 | E96: 100 | F96: 10.432826 | G96: 10.528801 | H96: 79.038373 | I96: 36141.333 | J96: 100 | K96: 16.85555 | L96: 12.701891 | M96: 70.442559
B97: 111年度 | D97: 35960.255 | E97: 100 | F97: 9.8100418 | G97: 10.914697 | H97: 79.275261 | I97: 34635.618 | J97: 100 | K97: 15.331627 | L97: 14.64943 | M97: 70.018943
B98: 113年度 | D98: =D$9 -> 32403.02 | E98: =E$9 -> 100 | F98: =F$9 -> 9.0717975 | G98: =G$9 -> 9.4014272 | H98: =H$9 -> 81.526775 | I98: =I$9 -> 32560.611 | J98: =J$9 -> 100 | K98: =K$9 -> 16.903135 | ... M98: =M$9 -> 71.163076

Sheet D16
D1: 附表16 外出民眾主運具之公共運輸市占率─按縣市別分 | O1: 附表16 外出民眾主運具之公共運輸市占率─按縣市別分(續)
F2: 《平日市話及手機》 | Q2: 《平日市話及手機》
E3: 調查對象為昨天有外出民眾，以旅次主運具角度做分析。 | P3: 調查對象為昨天有外出民眾，以旅次主運具角度做分析。
N4: 單位：% | Y4: 單位：%
A5: 項目別 | D5: 新北市 | E5: 臺北市 | F5: 桃園市 | G5: 臺中市 | H5: 臺南市 | I5: 高雄市 | J5: 宜蘭縣 | K5: 新竹縣 | L5: 苗栗縣 | M5: 彰化縣 | N5: 南投縣 | O5: 雲林縣 | P5: 嘉義縣 | Q5: 屏東縣 | R5: 臺東縣 | S5: 花蓮縣 | T5: 澎湖縣 | U5: 基隆市 | V5: 新竹市 | W5: 嘉義市 | X5: 金門縣 | Y5: 連江縣
A9: 全體 | D9: 26.61028 | E9: 37.835254 | F9: 10.501821 | G9: 7.3689576 | H9: 3.9110033 | I9: 7.386639 | J9: 6.9195074 | K9: 5.9061327 | L9: 6.218101 | M9: 3.1087441 | N9: 2.8850444 | O9: 3.5736336 | P9: 2.2804485 | Q9: 3.512583 | R9: 4.6988485 | S9: 4.0341323 | T9: 5.104502 | U9: 28.758438 | V9: 5.9634062 | W9: 3.3869265 | X9: 5.5207917 | Y9: 7.4371199
A10: 性別
B11: 男 | D11: 15.161267 | E11: 26.686562 | F11: 5.7055591 | G11: 6.1072746 | H11: 2.9028918 | I11: 7.9031063 | J11: 5.0917535 | K11: 6.2427823 | L11: 7.8246326 | M11: 2.8354066 | N11: 2.7634925 | O11: 3.2976459 | P11: 1.348398 | Q11: 3.4576742 | R11: 4.6581316 | S11: 4.0850417 | T11: 5.3330977 | U11: 20.18331 | V11: 5.349077 | W11: 3.0544027 | X11: 2.4462843 | Y11: 3.8126118
B12: 女 | D12: 38.870451 | E12: 47.694596 | F12: 15.103609 | G12: 8.6830238 | H12: 4.8827039 | I12: 6.8923433 | J12: 8.5045556 | K12: 5.5889847 | L12: 4.590322 | M12: 3.4189359 | N12: 3.0253918 | O12: 3.8580658 | P12: 3.3097446 | Q12: 3.5729786 | R12: 4.7448711 | S12: 3.9856771 | T12: 4.9006741 | U12: 36.344998 | V12: 6.5675752 | W12: 3.6706519 | X12: 8.5607045 | Y12: 13.354908
A13: 年齡
B14: 15-未滿18歲 | D14: 75.233569 | E14: 64.180219 | F14: 47.823628 | G14: 46.649073 | H14: 28.958443 | I14: 43.918241 | J14: 38.401083 | K14: 41.999583 | L14: 44.413683 | M14: 40.747835 | N14: 44.826728 | O14: 48.294764 | P14: 19.475088 | Q14: 24.837629 | R14: 25.297424 | S14: 21.847855 | T14: 58.428931 | U14: 80.32345 | V14: 37.91903 | W14: 16.773079 | X14: 38.834301 | Y14: 87.559229
B15: 18-未滿20歲 | D15: 51.229825 | E15: 47.506352 | F15: 22.543593 | G15: 15.970856 | H15: 17.470759 | I15: 7.1722717 | J15: 17.392878 | K15: 10.243088 | L15: 46.05051 | M15: 12.139208 | N15: 7.2979226 | O15: 22.907465 | P15: 21.535061 | Q15: 72.741359 | R15: 21.830484 | S15: 1.5018961 | T15: 10.379722 | U15: 54.41118 | V15: 26.46979 | W15: 11.154076 | X15: 20.200577 | Y15: 10.570344
B16: 20-未滿30歲 | D16: 28.294634 | E16: 48.168929 | F16: 9.3370326 | G16: 11.457866 | H16: 2.6602448 | I16: 8.9798349 | J16: 13.204689 | K16: 8.9924038 | L16: 5.8326227 | M16: 3.6864008 | N16: 2.0518374 | O16: 2.1104885 | P16: 0.50463258 | Q16: 2.5371579 | R16: 2.4687482 | S16: 8.2889722 | T16: 3.1374724 | U16: 44.44229 | V16: 3.6925198 | W16: 11.811401 | X16: 1.9517144 | Y16: 4.2068438
B17: 30-未滿40歲 | D17: 23.391327 | E17: 39.471637 | F17: 8.763148 | G17: 2.0230104 | H17: 4.63636 | I17: 8.6080843 | J17: 2.7016931 | K17: 0.3156218 | L17: 1.3539359 | M17: 0.24751939 | N17: 1.1082041 | O17: 0.2874546 | P17: 0.4302482 | Q17: 0.41349507 | R17: 7.6020985 | S17: 3.1689965 | T17: 3.1309582 | U17: 23.726132 | V17: 2.1064444 | W17: 0.16448923 | X17: 0.95430424 | Y17: 16.8251
B18: 40-未滿50歲 | D18: 19.977061 | E18: 34.006176 | F18: 7.3162498 | G18: 3.8322358 | H18: 3.3716388 | I18: 4.9080004 | J18: 6.6876877 | K18: 2.5858418 | L18: 6.1351589 | M18: 0.26818473 | N18: 1.1336697 | O18: 2.4151936 | P18: 0 | Q18: 3.1737995 | R18: 6.3752302 | S18: 0.76391205 | T18: 1.5484313 | U18: 10.524778 | V18: 4.0152468 | W18: 0.8595651 | X18: 6.5198763 | Y18: 2.9577512
B19: 50-未滿60歲 | D19: 20.916738 | E19: 30.643626 | F19: 10.197052 | G19: 4.9729979 | H19: 1.2275396 | I19: 4.5540503 | J19: 4.0423999 | K19: 6.5734073 | L19: 3.093673 | M19: 1.8315138 | N19: 1.3997321 | O19: 0.78897788 | P19: 5.6268972 | Q19: 1.7747067 | R19: 2.7662408 | S19: 3.2747501 | T19: 2.630905 | U19: 25.409912 | V19: 2.640371 | W19: 1.3386663 | X19: 3.121826 | Y19: 2.8536001
B20: 60-未滿65歲 | D20: 22.388193 | E20: 24.006178 | F20: 5.3902747 | G20: 8.6884153 | H20: 1.5118892 | I20: 5.2655941 | J20: 1.2255124 | K20: 0.93306667 | L20: 4.9247904 | M20: 1.277487 | N20: 3.8555813 | O20: 2.6043978 | P20: 3.4611911 | Q20: 0.1711624 | R20: 2.1996648 | S20: 0.77317129 | T20: 4.9192938 | U20: 18.424374 | V20: 9.4391129 | W20: 5.1780125 | X20: 8.085766 | Y20: 1.0713179
B21: 65歲及以上 | D21: 35.759075 | E21: 42.563001 | F21: 13.709937 | G21: 10.84768 | H21: 2.5704971 | I21: 8.3407315 | J21: 4.6500729 | K21: 9.8064728 | L21: 6.618214 | M21: 2.7194371 | N21: 3.3662243 | O21: 3.612006 | P21: 0.81277649 | Q21: 3.6162963 | R21: 2.7909052 | S21: 7.6238388 | T21: 9.019338 | U21: 47.56011 | V21: 7.6647086 | W21: 2.5559939 | X21: 11.039105 | Y21: 2.4913864
A22: 教育程度
B23: 小學及以下 | D23: 26.511047 | E23: 37.09299 | F23: 12.668661 | G23: 8.3565233 | H23: 4.8442244 | I23: 1.5134793 | J23: 6.8807983 | K23: 4.9852989 | L23: 4.5284216 | M23: 2.7039697 | N23: 3.5715248 | O23: 3.2851862 | P23: 0.5504869 | Q23: 4.1382807 | R23: 2.0346922 | S23: 9.7524185 | T23: 11.721222 | U23: 39.638789 | V23: 5.8878467 | W23: 2.3609118 | X23: 16.449072 | Y23: 0
B24: 國(初)中 | D24: 16.254802 | E24: 34.357426 | F24: 9.9853558 | G24: 4.4692515 | H24: 1.6587948 | I24: 3.9191164 | J24: 6.0217678 | K24: 12.4263 | L24: 6.8732897 | M24: 1.5419563 | N24: 1.0958363 | O24: 2.7886556 | P24: 8.5747962 | Q24: 2.7860378 | R24: 3.9594552 | S24: 3.0993987 | T24: 2.2474245 | U24: 10.112676 | V24: 13.492509 | W24: 1.7374353 | X24: 10.434108 | Y24: 0
B25: 高中(職) | D25: 23.264451 | E25: 32.889233 | F25: 9.2244069 | G25: 11.72645 | H25: 4.566039 | I25: 5.9618538 | J25: 7.5844543 | K25: 11.340492 | L25: 9.7589722 | M25: 5.3645249 | N25: 5.5490853 | O25: 5.9062166 | P25: 1.1277117 | Q25: 4.756361 | R25: 2.7652227 | S25: 4.1620833 | T25: 6.2653951 | U25: 28.749925 | V25: 13.034493 | W25: 4.5210882 | X25: 5.9281289 | Y25: 7.7337479
B26: 專科 | D26: 24.741745 | E26: 27.465942 | F26: 11.809086 | G26: 5.9177403 | H26: 2.8470893 | I26: 6.647468 | J26: 11.330757 | K26: 6.6809755 | L26: 1.0026248 | M26: 1.5355334 | N26: 0.94454802 | O26: 1.1790185 | P26: 0.73295769 | Q26: 2.7422032 | R26: 2.0539792 | S26: 1.0858772 | T26: 3.576322 | U26: 40.865602 | V26: 4.8031207 | W26: 2.5368663 | X26: 3.9373045 | Y26: 4.0815592
B27: 大學 | D27: 27.879846 | E27: 39.21713 | F27: 11.236763 | G27: 6.7417453 | H27: 2.9925473 | I27: 9.9682465 | J27: 5.483513 | K27: 2.6688945 | L27: 3.4873891 | M27: 1.9169147 | N27: 2.1774355 | O27: 3.3725375 | P27: 2.2137172 | Q27: 2.3313918 | R27: 7.4838897 | S27: 5.9146058 | T27: 3.8162743 | U27: 25.060021 | V27: 3.1800083 | W27: 4.0783897 | X27: 3.723158 | Y27: 12.09587
B28: 研究所及以上 | D28: 35.572122 | E28: 45.515615 | F28: 9.4129977 | G28: 3.4280922 | H28: 6.4873601 | I28: 8.3730287 | J28: 2.6005445 | K28: 2.9217603 | L28: 11.970714 | M28: 1.1623762 | N28: 1.1136247 | O28: 0.90017892 | P28: 0 | Q28: 2.6689531 | R28: 5.7184967 | S28: 0.73176658 | T28: 2.1340526 | U28: 27.506471 | V28: 3.6794542 | W28: 0.64825587 | X28: 0.94143192 | Y28: 0
B29: 不知道/無意見 | D29: 0 | E29: 0 | F29: 0 | G29: 28.201568 | H29: 0 | I29: 0 | J29: 0 | K29: 0 | L29: 0 | M29: 19.027613 | N29: 0 | O29: 0 | P29: 0 | Q29: 0 | R29: 0 | S29: 0 | T29: 40.643706 | U29: 0 | V29: 0 | W29: 0 | X29: 0 | Y29: 0
A30: 職業
B31: 農林漁牧 | D31: 27.800366 | E31: 0 | F31: 0 | G31: 0 | H31: 0 | I31: 2.1941197 | J31: 1.9464633 | K31: 0 | L31: 0 | M31: 0 | N31: 0.33289575 | O31: 0.30295923 | P31: 0 | Q31: 0 | R31: 1.6892181 | S31: 0.29728627 | T31: 3.5999302 | U31: 0 | V31: 0 | W31: 10.728306 | X31: 0 | Y31: 0
B32: 工業 | D32: 13.495195 | E32: 29.290513 | F32: 6.1544012 | G32: 3.7409471 | H32: 2.3224727 | I32: 3.27531 | J32: 4.77955 | K32: 1.9787538 | L32: 6.3333829 | M32: 0.50338355 | N32: 0.25920706 | O32: 2.00476 | P32: 5.6442868 | Q32: 1.1933711 | R32: 11.130742 | S32: 10.893202 | T32: 3.0607418 | U32: 19.469024 | V32: 3.0359704 | W32: 1.6718516 | X32: 2.0833986 | Y32: 2.832632
B33: 批發及零售業 | D33: 17.29206 | E33: 32.11538 | F33: 11.554079 | G33: 1.3444677 | H33: 1.3623505 | I33: 0.88852541 | J33: 3.446494 | K33: 6.5005392 | L33: 1.3008751 | M33: 0 | N33: 0.35413062 | O33: 1.2504426 | P33: 1.0006996 | Q33: 4.0859199 | R33: 5.9283974 | S33: 4.0205692 | T33: 4.1645984 | U33: 37.381036 | V33: 2.9890501 | W33: 0.46002682 | X33: 3.238607 | Y33: 0
B34: 住宿及餐飲業 | D34: 11.020867 | E34: 27.044978 | F34: 0 | G34: 5.5689596 | H34: 5.5649313 | I34: 2.6029675 | J34: 0.63009238 | K34: 3.6727566 | L34: 11.536814 | M34: 4.1398981 | N34: 4.423975 | O34: 0 | P34: 10.04563 | Q34: 0 | R34: 1.1717277 | S34: 0 | T34: 8.2498422 | U34: 9.6909619 | V34: 7.3159102 | W34: 11.879072 | X34: 0.48156881 | Y34: 0
B35: 服務事業 | D35: 30.553436 | E35: 39.45391 | F35: 9.347692 | G35: 5.723725 | H35: 4.0435227 | I35: 8.7278309 | J35: 5.3946918 | K35: 4.1866212 | L35: 1.9385333 | M35: 1.7042678 | N35: 1.7005811 | O35: 4.7050261 | P35: 0.96794596 | Q35: 1.6064051 | R35: 2.3069451 | S35: 2.1175233 | T35: 4.071408 | U35: 18.858151 | V35: 2.6536219 | W35: 0.46820105 | X35: 5.183291 | Y35: 1.7375796
B36: 軍公教 | D36: 23.715708 | E36: 36.649931 | F36: 16.295305 | G36: 3.5117914 | H36: 1.4243487 | I36: 11.122722 | J36: 3.5433641 | K36: 5.7257476 | L36: 7.7539082 | M36: 0.71592582 | N36: 1.1054692 | O36: 1.0508871 | P36: 0 | Q36: 2.0793175 | R36: 12.185941 | S36: 1.0645241 | T36: 1.1177944 | U36: 10.036541 | V36: 13.669469 | W36: 1.4158925 | X36: 0.97297862 | Y36: 9.4912999
B37: 學生(部分工時就業) | D37: 17.474864 | E37: 86.781742 | F37: 25.354872 | G37: 13.864059 | H37: 19.117462 | I37: 2.1245975 | J37: 9.7763946 | K37: 11.320502 | L37: 50 | M37: 25.73145 | N37: 0 | O37: 0 | P37: 9.0817058 | Q37: 0 | R37: 0 | S37: 0 | T37: 7.4595524 | U37: 9.9544591 | V37: 100 | W37: 59.37407 | X37: 0 | Y37: 0
B38: 料理家事 | D38: 30.761933 | E38: 41.505581 | F38: 8.3726414 | G38: 6.7192672 | H38: 4.6602291 | I38: 1.6126161 | J38: 18.258673 | K38: 2.8350629 | L38: 2.5818443 | M38: 3.9355595 | N38: 2.9230142 | O38: 4.3186809 | P38: 1.1591326 | Q38: 3.3113613 | R38: 4.1660974 | S38: 9.3780589 | T38: 7.4385303 | U38: 50.460674 | V38: 7.8817736 | W38: 5.6461407 | X38: 13.893315 | Y38: 0
B39: 退休人員 | D39: 33.47023 | E39: 34.188707 | F39: 11.12498 | G39: 14.295184 | H39: 2.5472188 | I39: 9.7399763 | J39: 2.5904483 | K39: 6.8787983 | L39: 5.1436916 | M39: 2.7384547 | N39: 2.938568 | O39: 1.4489542 | P39: 0.6840537 | Q39: 2.9020183 | R39: 2.9337118 | S39: 2.9388924 | T39: 5.8231273 | U39: 45.68804 | V39: 7.5230508 | W39: 2.6077449 | X39: 8.0176112 | Y39: 5.9203237
B40: 學生 | D40: 63.234748 | E40: 62.865895 | F40: 39.086897 | G40: 34.026996 | H40: 18.556542 | I40: 33.772697 | J40: 39.282106 | K40: 34.283619 | L40: 49.768614 | M40: 40.117252 | N40: 37.032894 | O40: 23.556882 | P40: 14.539971 | Q40: 28.923601 | R40: 12.972661 | S40: 4.7880815 | T40: 40.081508 | U40: 70.158081 | V40: 25.540427 | W40: 17.685629 | X40: 13.980216 | Y40: 89.74324
B41: 未就業者 | D41: 24.399607 | E41: 34.501701 | F41: 13.328533 | G41: 2.2002149 | H41: 3.8200736 | I41: 0 | J41: 6.9497168 | K41: 2.6460332 | L41: 5.8613055 | M41: 6.0415037 | N41: 7.2626003 | O41: 0.97153079 | P41: 0 | Q41: 7.609864 | R41: 0.44810319 | S41: 12.427069 | T41: 12.78164 | U41: 51.516939 | V41: 0 | W41: 0 | X41: 11.267471 | Y41: 0
B42: 不知道/無意見 | D42: 0 | E42: 0 | F42: 0 | G42: 44.758605 | H42: 0 | I42: 0 | J42: 0 | K42: 0 | L42: 0 | M42: 0 | N42: 0 | O42: 0 | P42: 80.588682 | Q42: 0 | R42: 0 | S42: 0 | T42: 0 | U42: 0 | V42: 16.577656 | W42: 0 | X42: 0 | Y42: 0
A44: 外出目的
B45: 通勤 | D45: 25.987384 | E45: 37.005005 | F45: 9.2667129 | G45: 3.5361451 | H45: 1.2811162 | I45: 7.0994764 | J45: 3.9078889 | K45: 3.6121783 | L45: 3.3745529 | M45: 1.2865308 | N45: 0.8667901 | O45: 2.9427859 | P45: 0.7978743 | Q45: 1.3430753 | R45: 5.3766027 | S45: 2.28922 | T45: 3.343845 | U45: 22.703553 | V45: 1.9916042 | W45: 1.5510385 | X45: 2.1514972 | Y45: 2.5475985
B46: 通學 | D46: 63.227599 | E46: 61.68581 | F46: 44.204169 | G46: 33.05936 | H46: 20.190205 | I46: 23.369602 | J46: 41.88148 | K46: 31.616877 | L46: 48.855152 | M46: 36.263879 | N46: 38.510796 | O46: 29.818768 | P46: 17.545177 | Q46: 33.482442 | R46: 14.057851 | S46: 4.997071 | T46: 26.400013 | U46: 70.809545 | V46: 21.974039 | W46: 31.236776 | X46: 20.468119 | Y46: 89.74324
B47: 公(商)務 | D47: 6.6811974 | E47: 35.205626 | F47: 1.079203 | G47: 1.4148491 | H47: 18.350341 | I47: 17.704543 | J47: 0 | K47: 0.67625913 | L47: 0.73979885 | M47: 0 | N47: 3.0729871 | O47: 0 | P47: 2.087167 | Q47: 3.1726178 | R47: 6.255504 | S47: 13.638688 | T47: 5.8460458 | U47: 10.412497 | V47: 3.9432029 | W47: 4.6692428 | X47: 0.20274847 | Y47: 2.3867896
B48: 購物 | D48: 16.468546 | E48: 24.743085 | F48: 2.778674 | G48: 2.473996 | H48: 0.62281219 | I48: 2.6072374 | J48: 8.2360872 | K48: 1.9911744 | L48: 0.98443553 | M48: 1.0162342 | N48: 0.99912432 | O48: 0.5931113 | P48: 0 | Q48: 0.87963429 | R48: 0 | S48: 4.2969729 | T48: 3.9249734 | U48: 25.001615 | V48: 1.9364681 | W48: 0.5082703 | X48: 8.972926 | Y48: 2.2802934
B49: 家庭及個人活動 | D49: 32.132817 | E49: 42.692091 | F49: 13.678245 | G49: 9.223414 | H49: 4.9200866 | I49: 7.1825594 | J49: 6.3240327 | K49: 4.8404589 | L49: 6.4152163 | M49: 3.0278997 | N49: 3.3841412 | O49: 1.850786 | P49: 4.4627641 | Q49: 2.1644982 | R49: 3.5381269 | S49: 5.1911099 | T49: 4.7770907 | U49: 37.159922 | V49: 8.1402427 | W49: 4.4651805 | X49: 10.600858 | Y49: 15.425552
B50: 休閒 | D50: 27.643235 | E50: 40.227653 | F50: 10.543268 | G50: 20.469116 | H50: 6.075317 | I50: 7.2745883 | J50: 8.0219271 | K50: 13.03979 | L50: 10.698725 | M50: 2.0330858 | N50: 3.7663393 | O50: 3.4150782 | P50: 5.8030839 | Q50: 7.4445955 | R50: 7.6490824 | S50: 3.1841351 | T50: 8.1523664 | U50: 28.377205 | V50: 14.851472 | W50: 2.9348436 | X50: 3.0207518 | Y50: 11.586012
A51: 出發時間
B52: 7時以前 | D52: 26.754203 | E52: 20.547839 | F52: 18.547984 | G52: 15.628167 | H52: 7.3738023 | I52: 19.471479 | J52: 12.056143 | K52: 11.896688 | L52: 17.210847 | M52: 6.8001644 | N52: 7.0364395 | O52: 11.081006 | P52: 2.1003159 | Q52: 7.1800212 | R52: 10.977743 | S52: 2.4347924 | T52: 5.6474969 | U52: 47.771895 | V52: 10.584666 | W52: 14.697969 | X52: 6.8870986 | Y52: 39.95962
B53: 7時-未滿9時 | D53: 23.167696 | E53: 37.039671 | F53: 9.6517004 | G53: 5.0830485 | H53: 2.460894 | I53: 6.8821305 | J53: 4.3911325 | K53: 5.2323745 | L53: 4.9160166 | M53: 1.8225839 | N53: 2.4172391 | O53: 3.0200711 | P53: 2.7318661 | Q53: 3.3592984 | R53: 3.8682718 | S53: 4.6360457 | T53: 4.2742522 | U53: 25.483403 | V53: 5.5977365 | W53: 3.7576354 | X53: 3.5841037 | Y53: 7.4852003
B54: 9時-未滿11時 | D54: 25.550573 | E54: 25.842025 | F54: 11.627946 | G54: 6.5564377 | H54: 2.0330801 | I54: 5.9207497 | J54: 11.936981 | K54: 2.0251368 | L54: 4.3959761 | M54: 2.1752794 | N54: 3.1363702 | O54: 0.9188334 | P54: 7.2383969 | Q54: 2.6945791 | R54: 4.5041836 | S54: 4.6954326 | T54: 4.37053 | U54: 29.185466 | V54: 3.2748271 | W54: 0.42061909 | X54: 8.923503 | Y54: 6.7864862
B55: 11時-未滿13時 | D55: 27.598227 | E55: 30.691903 | F55: 9.3872918 | G55: 5.1977286 | H55: 2.836187 | I55: 4.7471583 | J55: 8.377658 | K55: 2.461418 | L55: 3.1735027 | M55: 0.20060235 | N55: 3.1449427 | O55: 1.432463 | P55: 0.28130721 | Q55: 1.6358802 | R55: 5.6586714 | S55: 4.3747479 | T55: 2.3017791 | U55: 29.742155 | V55: 7.6527062 | W55: 5.3793405 | X55: 7.4773006 | Y55: 1.5855152
B56: 13時-未滿15時 | D56: 29.864849 | E56: 41.83428 | F56: 8.2991787 | G56: 10.357869 | H56: 6.6601277 | I56: 7.9911591 | J56: 3.09181 | K56: 9.720155 | L56: 7.8242396 | M56: 4.9382833 | N56: 1.9096702 | O56: 3.8354571 | P56: 0.88957373 | Q56: 2.7572875 | R56: 1.4959927 | S56: 6.3399276 | T56: 6.7870905 | U56: 25.357459 | V56: 6.4460967 | W56: 2.4052124 | X56: 12.567267 | Y56: 0
B57: 15時-未滿17時 | D57: 29.631712 | E57: 46.754108 | F57: 8.6459467 | G57: 12.750867 | H57: 8.5007847 | I57: 5.3142869 | J57: 7.9935596 | K57: 14.212431 | L57: 6.6326804 | M57: 5.9330837 | N57: 7.4467295 | O57: 3.6145504 | P57: 2.1443846 | Q57: 7.4139308 | R57: 6.3345318 | S57: 3.0064371 | T57: 12.83143 | U57: 31.408044 | V57: 10.560172 | W57: 3.0499991 | X57: 9.8072837 | Y57: 12.721027
B58: 17時-未滿19時 | D58: 28.758096 | E58: 43.563387 | F58: 11.82693 | G58: 6.6734621 | H58: 4.0342481 | I58: 8.9017659 | J58: 6.6957048 | K58: 4.3486357 | L58: 6.0814145 | M58: 4.0047304 | N58: 1.488026 | O58: 4.1789871 | P58: 1.1817838 | Q58: 2.936339 | R58: 3.0572428 | S58: 1.2761344 | T58: 4.8745788 | U58: 29.500806 | V58: 3.8753991 | W58: 0.99870962 | X58: 2.1407139 | Y58: 6.6749672
B59: 19時-未滿22時 | D59: 25.929442 | E59: 45.520422 | F59: 7.5571119 | G59: 4.7231923 | H59: 3.0554044 | I59: 5.9788187 | J59: 4.2418367 | K59: 6.820745 | L59: 6.854649 | M59: 1.7564686 | N59: 0.58592351 | O59: 0.73462108 | P59: 1.9917675 | Q59: 0.147397 | R59: 5.1444809 | S59: 5.8205191 | T59: 4.9446249 | U59: 21.804781 | V59: 5.0997456 | W59: 2.0097029 | X59: 0.63532982 | Y59: 3.1595003
B60: 22時以後 | D60: 31.034201 | E60: 37.0345 | F60: 9.1202737 | G60: 6.429763 | H60: 6.2513792 | I60: 1.5311393 | J60: 4.7432641 | K60: 1.8640267 | L60: 13.284281 | M60: 0 | N60: 0 | O60: 8.7597299 | P60: 0 | Q60: 1.8530105 | R60: 3.7994122 | S60: 24.054733 | T60: 9.2061496 | U60: 31.871507 | V60: 10.252952 | W60: 5.159796 | X60: 0 | Y60: 0
B61: 拒答 | D61: 33.613917 | E61: 9.0799674 | F61: 11.72273 | G61: 17.302277 | H61: 0 | I61: 0 | J61: 0 | K61: 3.4788905 | L61: 0.87647522 | M61: 0 | N61: 0 | O61: 3.4548882 | P61: 0 | Q61: 0 | R61: 0.63205301 | S61: 0.42784736 | T61: 2.3837957 | U61: 19.772027 | V61: 0.96979698 | W61: 5.5481114 | X61: 18.975062 | Y61: 0
A64: 年度別
B65: 98年度 | D65: 26.112255 | E65: 38.663354 | F65: 11.410867 | G65: 7.864176 | H65: 5.8201018 | I65: 7.1396305 | J65: 7.4952597 | K65: 8.1019679 | L65: 6.5641086 | M65: 5.3873297 | N65: 6.0174324 | O65: 5.0145213 | P65: 5.2697367 | Q65: 5.2699864 | R65: 5.1311592 | S65: 4.8060882 | T65: 4.7697157 | U65: 35.110056 | V65: 6.3933872 | W65: 3.4169322 | X65: 0 | Y65: 0
B66: 99年度 | D66: 26.889159 | E66: 40.471486 | F66: 12.230291 | G66: 8.1608379 | H66: 5.3840847 | I66: 6.8314935 | J66: 7.1870884 | K66: 8.0827003 | L66: 7.4456089 | M66: 4.8579058 | N66: 5.1062245 | O66: 4.4012358 | P66: 5.8115882 | Q66: 5.5112696 | R66: 4.6938819 | S66: 4.522798 | T66: 6.1151087 | U66: 34.800543 | V66: 5.7723199 | W66: 3.9565334 | X66: 11.437051 | Y66: 11.102746
B67: 100年度 | D67: 26.458361 | E67: 41.549848 | F67: 12.080313 | G67: 8.5506229 | H67: 5.246699 | I67: 7.5783243 | J67: 6.5502107 | K67: 8.4400258 | L67: 8.4185182 | M67: 5.09674 | N67: 5.8458307 | O67: 4.7663717 | P67: 6.2314521 | Q67: 5.4058321 | R67: 4.0224113 | S67: 5.2083167 | T67: 7.8331111 | U67: 35.548411 | V67: 6.1400696 | W67: 3.6442497 | X67: 12.564101 | Y67: 10.843811
B68: 101年度 | D68: 26.927733 | E68: 39.8332 | F68: 12.777539 | G68: 9.4786409 | H68: 5.4605913 | I68: 7.9859688 | J68: 7.9224042 | K68: 8.4675064 | L68: 8.1151836 | M68: 5.0076277 | N68: 5.6476067 | O68: 5.0003867 | P68: 6.0795024 | Q68: 5.1115005 | R68: 4.9989741 | S68: 5.8923574 | T68: 7.7601107 | U68: 35.600885 | V68: 7.4600059 | W68: 3.932272 | X68: 11.865342 | Y68: 10.890853
B69: 102年度 | D69: 28.958731 | E69: 40.199283 | F69: 11.304638 | G69: 9.7523309 | H69: 5.4622565 | I69: 7.449384 | J69: 8.9350781 | K69: 9.0651561 | L69: 7.6558619 | M69: 4.3824814 | N69: 5.4875207 | O69: 4.5789472 | P69: 6.0931855 | Q69: 5.5940861 | R69: 4.4209624 | S69: 5.5740871 | T69: 6.7376464 | U69: 36.625969 | V69: 7.1167071 | W69: 3.8778146 | X69: 12.215858 | Y69: 10.410935
B70: 103年度 | D70: 29.632374 | E70: 40.318315 | F70: 12.707448 | G70: 10.536398 | H70: 5.2303225 | I70: 8.0660316 | J70: 7.9747082 | K70: 8.0396464 | L70: 7.7652804 | M70: 5.3305073 | N70: 4.7219701 | O70: 4.5964729 | P70: 5.5506711 | Q70: 5.6739677 | R70: 4.4022704 | S70: 6.1793059 | T70: 6.9996788 | U70: 36.188409 | V70: 8.0299211 | W70: 4.2728905 | X70: 9.0055149 | Y70: 12.488303
B71: 104年度 | D71: 28.371193 | E71: 39.470688 | F71: 11.762739 | G71: 11.416818 | H71: 5.8571708 | I71: 7.8069755 | J71: 7.8372677 | K71: 7.53258 | L71: 6.4437108 | M71: 5.8404318 | N71: 4.3819676 | O71: 4.8981501 | P71: 4.9552351 | Q71: 4.9381502 | R71: 4.6812449 | S71: 4.5056326 | T71: 5.9583008 | U71: 36.156761 | V71: 7.4744943 | W71: 4.0593835 | X71: 9.3821909 | Y71: 11.108588
B72: 105年度 | D72: 29.943959 | E72: 40.718617 | F72: 12.953537 | G72: 11.091414 | H72: 5.9592628 | I72: 7.8784323 | J72: 7.791854 | K72: 8.6659219 | L72: 7.8959733 | M72: 5.0373646 | N72: 5.5237457 | O72: 4.7556868 | P72: 5.5728948 | Q72: 4.3611797 | R72: 4.7362202 | S72: 4.9715052 | T72: 6.465952 | U72: 35.872391 | V72: 7.2480424 | W72: 4.1845708 | X72: 8.6800139 | Y72: 9.9759351
